"ID","Category","Question","Option A","Option B","Option C","Option D","Correct Answer","Explanation","Source","Status","Confirmed In"
"Q001","Traffic Signs","Traffic signs drawn inside a red circle belong to which category?","Mandatory / regulatory signs","Cautionary signs","Informatory signs","Temporary signs","A","Circular signs with a red border give orders. Disobeying them is a punishable offence.","Transport Dept, Govt of Telangana - LLR Question Bank: Road Signs (English)","Official","Maharashtra, Telangana, Andhra Pradesh"
"Q002","Traffic Signs","Traffic signs drawn inside a triangle belong to which category?","Mandatory signs","Cautionary / warning signs","Informatory signs","Parking signs","B","Red-bordered triangles warn of a hazard ahead so the driver can slow down and prepare.","Transport Dept, Govt of Telangana - LLR Question Bank: Road Signs (English)","Official","Maharashtra, Telangana, Andhra Pradesh"
"Q003","Traffic Signs","Traffic signs drawn inside a rectangle belong to which category?","Mandatory signs","Cautionary signs","Informatory signs","Prohibitory signs","C","Rectangular signs give information such as facilities, directions and destinations.","Transport Dept, Govt of Telangana - LLR Question Bank: Road Signs (English)","Official","Maharashtra, Telangana, Andhra Pradesh"
"Q004","Traffic Signs","An octagonal red sign with the word STOP means","Stop","No parking","Hospital ahead","Give way","A","The driver must bring the vehicle to a complete halt before the stop line and proceed only when safe.","Transport Dept, Govt of NCT of Delhi - Question Bank for Learner Licence (qbankltest.pdf) + Transport Dept, Govt of Telangana - LLR Question Bank: Road Signs (English)","Frequently Asked","Delhi, Maharashtra, Telangana, Andhra Pradesh"
"Q005","Traffic Signs","A downward-pointing triangle with a red border means","Give way","Hospital ahead","Traffic island ahead","No entry","A","You must yield to traffic on the road you are entering and proceed only when the way is clear.","Transport Dept, Govt of NCT of Delhi - Question Bank for Learner Licence (qbankltest.pdf) + Transport Dept, Govt of Telangana - LLR Question Bank: Road Signs (English)","Frequently Asked","Delhi, Maharashtra, Telangana, Andhra Pradesh"
"Q006","Traffic Signs","A red circle with a horizontal white bar means","No entry","One way","Speed limit ends","No overtaking","A","No vehicle may enter that road from this point in the direction shown.","Transport Dept, Govt of NCT of Delhi - Question Bank for Learner Licence (qbankltest.pdf) + Transport Dept, Govt of Telangana - LLR Question Bank: Road Signs (English)","Frequently Asked","Delhi, Maharashtra, Telangana, Andhra Pradesh"
"Q007","Traffic Signs","A blue rectangle with a white arrow means","No entry","One way","Go straight only","Both directions prohibited","B","Traffic on that road may move only in the direction of the arrow.","Transport Dept, Govt of NCT of Delhi - Question Bank for Learner Licence (qbankltest.pdf) + Transport Dept, Govt of Telangana - LLR Question Bank: Road Signs (English)","Frequently Asked","Delhi, Maharashtra, Telangana, Andhra Pradesh"
"Q008","Traffic Signs","A red circle containing two opposing arrows (one red, one black) means","Vehicles prohibited in both directions","Left turn prohibited","Overtaking prohibited","Right turn prohibited","A","No vehicle may enter the road from either direction.","Transport Dept, Govt of Telangana - LLR Question Bank: Road Signs (English)","Official","Telangana, Andhra Pradesh"
"Q009","Traffic Signs","A red circle with a black arrow turning right, struck through, means","Cycle prohibited","Truck prohibited","Right turn prohibited","Left turn prohibited","C","Turning right at that junction is not permitted.","Transport Dept, Govt of Telangana - LLR Question Bank: Road Signs (English)","Official","Telangana, Andhra Pradesh"
"Q010","Traffic Signs","A red circle with a black U-shaped arrow struck through means","Left turn prohibited","Right turn prohibited","U-turn prohibited","Overtaking prohibited","C","Taking a U-turn at that place is prohibited.","Transport Dept, Govt of NCT of Delhi - Question Bank for Learner Licence (qbankltest.pdf) + Transport Dept, Govt of Telangana - LLR Question Bank: Road Signs (English)","Frequently Asked","Delhi, Maharashtra, Telangana, Andhra Pradesh"
"Q011","Traffic Signs","A red circle containing a car and a motorcycle means","Truck prohibited","All motor vehicles prohibited","Bullock cart prohibited","Cycle prohibited","B","Entry is barred to every class of motor vehicle at that point.","Transport Dept, Govt of NCT of Delhi - Question Bank for Learner Licence (qbankltest.pdf) + Transport Dept, Govt of Telangana - LLR Question Bank: Road Signs (English)","Frequently Asked","Delhi, Maharashtra, Telangana, Andhra Pradesh"
"Q012","Traffic Signs","A red circle showing a black car and a red car side by side means","Overtaking prohibited","Left turn prohibited","Right turn prohibited","Vehicles prohibited in both directions","A","Overtaking is not allowed on that stretch of road.","Transport Dept, Govt of NCT of Delhi - Question Bank for Learner Licence (qbankltest.pdf) + Transport Dept, Govt of Telangana - LLR Question Bank: Road Signs (English)","Frequently Asked","Delhi, Maharashtra, Telangana, Andhra Pradesh"
"Q013","Traffic Signs","A red circle containing a horn struck through means","No smoking","Cycle prohibited","Compulsory sound horn","Horn prohibited","D","Use of the horn is prohibited, typically near hospitals, schools and courts.","Transport Dept, Govt of NCT of Delhi - Question Bank for Learner Licence (qbankltest.pdf) + Transport Dept, Govt of Telangana - LLR Question Bank: Road Signs (English)","Frequently Asked","Delhi, Maharashtra, Telangana, Andhra Pradesh"
"Q014","Traffic Signs","A red circle containing a walking figure struck through means","Pedestrians prohibited","School zone","Play zone","Pedestrian crossing","A","Pedestrians are not permitted to use that road or carriageway.","Transport Dept, Govt of NCT of Delhi - Question Bank for Learner Licence (qbankltest.pdf) + Transport Dept, Govt of Telangana - LLR Question Bank: Road Signs (English)","Frequently Asked","Delhi, Maharashtra, Telangana, Andhra Pradesh"
"Q015","Traffic Signs","A red circle containing a bicycle struck through means","Cycle track","Cycles prohibited","Cycle parking","Cycle crossing","B","Cycles may not enter that road.","Transport Dept, Govt of Telangana - LLR Question Bank: Road Signs (English)","Official","Maharashtra, Telangana, Andhra Pradesh"
"Q016","Traffic Signs","A red circle containing a lorry struck through means","All vehicles prohibited","Truck parking","Ghat road","Trucks prohibited","D","Goods vehicles are not permitted beyond that point.","Transport Dept, Govt of NCT of Delhi - Question Bank for Learner Licence (qbankltest.pdf) + Transport Dept, Govt of Telangana - LLR Question Bank: Road Signs (English)","Frequently Asked","Delhi, Maharashtra, Telangana, Andhra Pradesh"
"Q017","Traffic Signs","A blue circle with a red border and a single red diagonal bar means","No stopping","Restriction ends","No parking","Speed limit","C","Parking is prohibited, though a momentary stop to pick up or set down is allowed.","Transport Dept, Govt of NCT of Delhi - Question Bank for Learner Licence (qbankltest.pdf) + Transport Dept, Govt of Telangana - LLR Question Bank: Road Signs (English)","Frequently Asked","Delhi, Maharashtra, Telangana, Andhra Pradesh"
"Q018","Traffic Signs","A blue circle with a red border and two red diagonal bars crossing means","No parking","No stopping or standing","Length limit","Speed limit","B","Neither parking nor stopping is permitted at any time on that stretch.","Transport Dept, Govt of NCT of Delhi - Question Bank for Learner Licence (qbankltest.pdf) + Transport Dept, Govt of Telangana - LLR Question Bank: Road Signs (English)","Frequently Asked","Delhi, Maharashtra, Telangana, Andhra Pradesh"
"Q019","Traffic Signs","A white circle crossed by black diagonal bands means","Stop","End of all restrictions","No entry","No parking","B","All speed and other restrictions imposed by earlier signs cease from this point.","Transport Dept, Govt of NCT of Delhi - Question Bank for Learner Licence (qbankltest.pdf) + Transport Dept, Govt of Telangana - LLR Question Bank: Road Signs (English)","Frequently Asked","Delhi, Maharashtra, Telangana, Andhra Pradesh"
"Q020","Traffic Signs","A red circle containing the numeral 50 means","Drive at a speed not exceeding 50 km/h","Drive at exactly 50 km/h","Drive at more than 50 km/h","Minimum speed 50 km/h","A","The figure shown is the maximum permitted speed in ideal conditions.","Transport Dept, Govt of NCT of Delhi - Question Bank for Learner Licence (qbankltest.pdf) + Transport Dept, Govt of Telangana - LLR Question Bank: Road Signs (English)","Frequently Asked","Delhi, Maharashtra, Telangana, Andhra Pradesh"
"Q021","Traffic Signs","A red circle showing two facing arrows with a figure such as 2 m means","Speed limit 2 km/h","Width limit - vehicles wider than the figure shown may not enter","Height limit","Length limit","B","The sign restricts the overall width of vehicles that may pass.","Transport Dept, Govt of NCT of Delhi - Question Bank for Learner Licence (qbankltest.pdf) + Transport Dept, Govt of Telangana - LLR Question Bank: Road Signs (English)","Frequently Asked","Delhi, Maharashtra, Telangana, Andhra Pradesh"
"Q022","Traffic Signs","A red circle showing two vertical arrows with a figure such as 3.5 m means","Vehicles taller than the figure shown may not enter","Only vehicles above that height may enter","Width limit","Axle load limit","A","It warns of a low structure ahead such as a bridge or tunnel.","Transport Dept, Govt of NCT of Delhi - Question Bank for Learner Licence (qbankltest.pdf) + Transport Dept, Govt of Telangana - LLR Question Bank: Road Signs (English)","Frequently Asked","Delhi, Maharashtra, Telangana, Andhra Pradesh"
"Q023","Traffic Signs","A red circle showing an axle with the figure in tonnes means","Speed limit","Length limit","Axle load limit","Gross weight limit","C","Vehicles whose load on any single axle exceeds the figure shown may not proceed.","Transport Dept, Govt of NCT of Delhi - Question Bank for Learner Licence (qbankltest.pdf) + Transport Dept, Govt of Telangana - LLR Question Bank: Road Signs (English)","Frequently Asked","Delhi, Maharashtra, Telangana, Andhra Pradesh"
"Q024","Traffic Signs","A red circle showing a lorry with a figure in metres alongside means","Length limit","Speed limit","Load limit","Height limit","A","Vehicles longer than the figure shown are prohibited.","Transport Dept, Govt of Telangana - LLR Question Bank: Road Signs (English)","Official","Maharashtra, Telangana, Andhra Pradesh"
"Q025","Traffic Signs","A blue circle with a white arrow pointing down-left means","One way","Left turn prohibited","Compulsory keep left","Compulsory turn left","C","Traffic must pass to the left of the island or divider.","Transport Dept, Govt of NCT of Delhi - Question Bank for Learner Licence (qbankltest.pdf) + Transport Dept, Govt of Telangana - LLR Question Bank: Road Signs (English)","Frequently Asked","Delhi, Maharashtra, Telangana, Andhra Pradesh"
"Q026","Traffic Signs","A blue circle with a white arrow pointing straight up means","No entry","Compulsory ahead only","Entry in both directions","One way","B","Traffic must proceed straight ahead only; turning is not permitted.","Transport Dept, Govt of NCT of Delhi - Question Bank for Learner Licence (qbankltest.pdf) + Transport Dept, Govt of Telangana - LLR Question Bank: Road Signs (English)","Frequently Asked","Delhi, Maharashtra, Telangana, Andhra Pradesh"
"Q027","Traffic Signs","A blue circle with a white arrow bending to the left means","Keep left","There is no road to the left","Compulsory turn left ahead","Side road left","C","Every vehicle must turn left at the junction ahead.","Transport Dept, Govt of NCT of Delhi - Question Bank for Learner Licence (qbankltest.pdf) + Transport Dept, Govt of Telangana - LLR Question Bank: Road Signs (English)","Frequently Asked","Delhi, Telangana, Andhra Pradesh"
"Q028","Traffic Signs","A blue circle with a white arrow bending to the right means","Road to the right ahead","Compulsory turn right","Turn to the right prohibited","Right hand curve","B","Every vehicle must turn right at that point.","Transport Dept, Govt of NCT of Delhi - Question Bank for Learner Licence (qbankltest.pdf) + Transport Dept, Govt of Telangana - LLR Question Bank: Road Signs (English)","Frequently Asked","Delhi, Maharashtra, Telangana, Andhra Pradesh"
"Q029","Traffic Signs","A blue circle with a white arrow that goes straight and also branches left means","Compulsory ahead or turn left","Compulsory ahead or turn right","Compulsory turn right","Side road ahead","A","You may either continue straight or turn left; a right turn is not permitted.","Transport Dept, Govt of NCT of Delhi - Question Bank for Learner Licence (qbankltest.pdf) + Transport Dept, Govt of Telangana - LLR Question Bank: Road Signs (English)","Frequently Asked","Delhi, Maharashtra, Telangana, Andhra Pradesh"
"Q030","Traffic Signs","A blue circle with a white arrow that goes straight and also branches right means","Road to the right ahead","Roads ahead and to the right","Compulsory ahead or turn right","Compulsory turn right","C","You may either go straight or turn right; a left turn is not permitted.","Transport Dept, Govt of NCT of Delhi - Question Bank for Learner Licence (qbankltest.pdf) + Transport Dept, Govt of Telangana - LLR Question Bank: Road Signs (English)","Frequently Asked","Delhi, Maharashtra, Telangana, Andhra Pradesh"
"Q031","Traffic Signs","A blue circle containing a white horn means","Compulsory sound horn","Sound horn continuously","Horn prohibited","Silence zone","A","The horn must be sounded, typically on blind hill bends and ghat roads.","Transport Dept, Govt of NCT of Delhi - Question Bank for Learner Licence (qbankltest.pdf) + Transport Dept, Govt of Telangana - LLR Question Bank: Road Signs (English)","Frequently Asked","Delhi, Maharashtra, Telangana, Andhra Pradesh"
"Q032","Traffic Signs","A blue circle containing a white bicycle means","Compulsory cycle track","School area","Cycles prohibited","Cycle crossing","A","Cyclists must use the track provided and may not use the main carriageway.","Transport Dept, Govt of Telangana - LLR Question Bank: Road Signs (English)","Official","Maharashtra, Telangana, Andhra Pradesh"
"Q033","Traffic Signs","A cautionary triangle showing a cycle means","Cycle crossing ahead","Cycles prohibited","Cycle parking","Compulsory cycle track","A","Warns that cyclists may cross the road ahead.","Transport Dept, Govt of NCT of Delhi - Question Bank for Learner Licence (qbankltest.pdf) + Transport Dept, Govt of Telangana - LLR Question Bank: Road Signs (English)","Frequently Asked","Delhi, Maharashtra, Telangana, Andhra Pradesh"
"Q034","Traffic Signs","A cautionary triangle showing a road bending to the right means","Right ascent","Right hand curve","Keep right","Right reverse bend","B","There is a curve to the right ahead; slow down before entering it.","Transport Dept, Govt of NCT of Delhi - Question Bank for Learner Licence (qbankltest.pdf) + Transport Dept, Govt of Telangana - LLR Question Bank: Road Signs (English)","Frequently Asked","Delhi, Maharashtra, Telangana, Andhra Pradesh"
"Q035","Traffic Signs","A cautionary triangle showing a road bending to the left means","Left hand curve","Left ascent","Keep left","Left hair pin bend","A","There is a curve to the left ahead; reduce speed and keep to your lane.","Transport Dept, Govt of NCT of Delhi - Question Bank for Learner Licence (qbankltest.pdf) + Transport Dept, Govt of Telangana - LLR Question Bank: Road Signs (English)","Frequently Asked","Delhi, Maharashtra, Telangana, Andhra Pradesh"
"Q036","Traffic Signs","A cautionary triangle showing a road doubling back sharply to the right means","Right hair pin bend","Right ascent and descent","Right descent","Right reverse bend","A","A very sharp bend of nearly 180 degrees lies ahead, common on ghat roads.","Transport Dept, Govt of NCT of Delhi - Question Bank for Learner Licence (qbankltest.pdf) + Transport Dept, Govt of Telangana - LLR Question Bank: Road Signs (English)","Frequently Asked","Delhi, Maharashtra, Telangana, Andhra Pradesh"
"Q037","Traffic Signs","A cautionary triangle showing a road doubling back sharply to the left means","Left descent","Left hair pin bend","Keep left","Left reverse bend","B","A very sharp left bend lies ahead; change to a lower gear before entering.","Transport Dept, Govt of NCT of Delhi - Question Bank for Learner Licence (qbankltest.pdf) + Transport Dept, Govt of Telangana - LLR Question Bank: Road Signs (English)","Frequently Asked","Delhi, Maharashtra, Telangana, Andhra Pradesh"
"Q038","Traffic Signs","A cautionary triangle showing an S-shaped road curving first to the right means","Right reverse bend","Left reverse bend","Turn right and go ahead","Zig-zag road","A","Two opposite bends follow one another, the first to the right.","Transport Dept, Govt of NCT of Delhi - Question Bank for Learner Licence (qbankltest.pdf) + Transport Dept, Govt of Telangana - LLR Question Bank: Road Signs (English)","Frequently Asked","Delhi, Maharashtra, Telangana, Andhra Pradesh"
"Q040","Traffic Signs","A cautionary triangle showing a vehicle on an upward slope means","Steep ascent","Steep descent","Slippery road","Hump ahead","A","A steep climb lies ahead; select a lower gear in good time.","Transport Dept, Govt of NCT of Delhi - Question Bank for Learner Licence (qbankltest.pdf) + Transport Dept, Govt of Telangana - LLR Question Bank: Road Signs (English)","Frequently Asked","Delhi, Maharashtra, Telangana, Andhra Pradesh"
"Q041","Traffic Signs","A cautionary triangle showing a vehicle on a downward slope means","Steep ascent","Steep descent","Slippery road","Dangerous dip","B","A steep downgrade lies ahead; engage a low gear and use brakes sparingly.","Transport Dept, Govt of NCT of Delhi - Question Bank for Learner Licence (qbankltest.pdf) + Transport Dept, Govt of Telangana - LLR Question Bank: Road Signs (English)","Frequently Asked","Delhi, Maharashtra, Telangana, Andhra Pradesh"
"Q042","Traffic Signs","A cautionary triangle showing the road edges converging means","Narrow road ahead","Road widens ahead","Narrow bridge","Slippery road","A","The carriageway becomes narrower; be prepared to give way.","Transport Dept, Govt of NCT of Delhi - Question Bank for Learner Licence (qbankltest.pdf) + Transport Dept, Govt of Telangana - LLR Question Bank: Road Signs (English)","Frequently Asked","Delhi, Maharashtra, Telangana, Andhra Pradesh"
"Q043","Traffic Signs","A cautionary triangle showing the road edges diverging means","Narrow road ahead","Road widens ahead","Narrow bridge","Y-intersection","B","The carriageway becomes wider ahead.","Transport Dept, Govt of NCT of Delhi - Question Bank for Learner Licence (qbankltest.pdf) + Transport Dept, Govt of Telangana - LLR Question Bank: Road Signs (English)","Frequently Asked","Delhi, Maharashtra, Telangana, Andhra Pradesh"
"Q044","Traffic Signs","A cautionary triangle showing two vertical bars close together means","Roads on both sides ahead","Narrow bridge ahead","Narrow road ahead","Barrier ahead","B","A bridge narrower than the road lies ahead; only one vehicle may pass at a time.","Transport Dept, Govt of NCT of Delhi - Question Bank for Learner Licence (qbankltest.pdf) + Transport Dept, Govt of Telangana - LLR Question Bank: Road Signs (English)","Frequently Asked","Delhi, Maharashtra, Telangana, Andhra Pradesh"
"Q045","Traffic Signs","A cautionary triangle showing a car with wavy skid marks means","Slippery road","Loose gravel","Dangerous dip","Rough road","A","The surface ahead can become slippery; reduce speed by changing to a lower gear.","Transport Dept, Govt of NCT of Delhi - Question Bank for Learner Licence (qbankltest.pdf) + Transport Dept, Govt of Telangana - LLR Question Bank: Road Signs (English)","Frequently Asked","Delhi, Maharashtra, Telangana, Andhra Pradesh"
"Q046","Traffic Signs","A cautionary triangle showing a vehicle throwing up stones means","Loose gravel","Slippery road","Falling rocks","Rough road","A","Loose chippings may be thrown up; slow down and keep well back.","Transport Dept, Govt of NCT of Delhi - Question Bank for Learner Licence (qbankltest.pdf) + Transport Dept, Govt of Telangana - LLR Question Bank: Road Signs (English)","Frequently Asked","Delhi, Maharashtra, Telangana, Andhra Pradesh"
"Q047","Traffic Signs","A cautionary triangle showing an adult figure on a striped crossing means","Pedestrian crossing ahead","Pedestrians may enter","Pedestrians prohibited","School ahead","A","Pedestrians cross the road ahead; be ready to stop and give way.","Transport Dept, Govt of NCT of Delhi - Question Bank for Learner Licence (qbankltest.pdf) + Transport Dept, Govt of Telangana - LLR Question Bank: Road Signs (English)","Frequently Asked","Delhi, Maharashtra, Telangana, Andhra Pradesh"
"Q048","Traffic Signs","A cautionary triangle showing two children means","School ahead","Pedestrian crossing","Children prohibited","Play zone","A","A school lies ahead; slow down and proceed with extra caution.","Transport Dept, Govt of NCT of Delhi - Question Bank for Learner Licence (qbankltest.pdf) + Transport Dept, Govt of Telangana - LLR Question Bank: Road Signs (English)","Frequently Asked","Delhi, Maharashtra, Telangana, Andhra Pradesh"
"Q049","Traffic Signs","A cautionary triangle showing a figure with a shovel means","Men at work","Children playing","Pedestrian crossing","Barrier ahead","A","Road repair work is in progress; the speed limit past workmen is 25 km/h.","Transport Dept, Govt of NCT of Delhi - Question Bank for Learner Licence (qbankltest.pdf) + Transport Dept, Govt of Telangana - LLR Question Bank: Road Signs (English)","Frequently Asked","Delhi, Maharashtra, Telangana, Andhra Pradesh"
"Q050","Traffic Signs","A cautionary triangle showing stones tumbling down a slope means","Rough road","Slippery road","Falling rocks","Steep descent","C","Rocks may fall onto the carriageway, typically in hilly terrain.","Transport Dept, Govt of NCT of Delhi - Question Bank for Learner Licence (qbankltest.pdf) + Transport Dept, Govt of Telangana - LLR Question Bank: Road Signs (English)","Frequently Asked","Delhi, Maharashtra, Telangana, Andhra Pradesh"
"Q051","Traffic Signs","A cautionary triangle showing a plain cross means","Cross road ahead","No entry","Hospital","Staggered intersection","A","Two roads cross ahead; slow down and check both sides before entering.","Transport Dept, Govt of NCT of Delhi - Question Bank for Learner Licence (qbankltest.pdf) + Transport Dept, Govt of Telangana - LLR Question Bank: Road Signs (English)","Frequently Asked","Delhi, Maharashtra, Telangana, Andhra Pradesh"
"Q052","Traffic Signs","A cautionary triangle showing a break in the central median means","Drainage in middle","Bridge ahead","Gap in median","Staggered intersection","C","There is an opening in the divider ahead through which traffic may cross.","Transport Dept, Govt of NCT of Delhi - Question Bank for Learner Licence (qbankltest.pdf) + Transport Dept, Govt of Telangana - LLR Question Bank: Road Signs (English)","Frequently Asked","Delhi, Maharashtra, Telangana, Andhra Pradesh"
"Q053","Traffic Signs","A cautionary triangle showing a minor road joining from the right means","Turn right","Side road right","Keep right","Y-intersection","B","A side road joins from the right; watch for vehicles emerging.","Transport Dept, Govt of NCT of Delhi - Question Bank for Learner Licence (qbankltest.pdf) + Transport Dept, Govt of Telangana - LLR Question Bank: Road Signs (English)","Frequently Asked","Delhi, Maharashtra, Telangana, Andhra Pradesh"
"Q054","Traffic Signs","A cautionary triangle showing a minor road joining from the left means","Side road left","Turn left","Keep left","Compulsory turn left","A","A side road joins from the left; watch for vehicles emerging.","Transport Dept, Govt of NCT of Delhi - Question Bank for Learner Licence (qbankltest.pdf) + Transport Dept, Govt of Telangana - LLR Question Bank: Road Signs (English)","Frequently Asked","Delhi, Telangana, Andhra Pradesh"
"Q055","Traffic Signs","A cautionary triangle showing three arrows circling means","Turn right","Turn left","Round about ahead","Y-intersection","C","A roundabout lies ahead; give way to traffic already on it, coming from your right.","Transport Dept, Govt of NCT of Delhi - Question Bank for Learner Licence (qbankltest.pdf) + Transport Dept, Govt of Telangana - LLR Question Bank: Road Signs (English)","Frequently Asked","Delhi, Maharashtra, Telangana, Andhra Pradesh"
"Q056","Traffic Signs","A cautionary triangle showing a thin road meeting a thick road means","Major road ahead","Cross road ahead","Narrow road ahead","Side road right","A","You are approaching a main road; give way to traffic already travelling on it.","Transport Dept, Govt of NCT of Delhi - Question Bank for Learner Licence (qbankltest.pdf) + Transport Dept, Govt of Telangana - LLR Question Bank: Road Signs (English)","Frequently Asked","Delhi, Maharashtra, Telangana, Andhra Pradesh"
"Q057","Traffic Signs","A cautionary triangle showing a road forking into two branches means","Turn left","Turn right","Y-intersection","Staggered intersection","C","The road divides ahead into a Y; choose your lane early.","Transport Dept, Govt of NCT of Delhi - Question Bank for Learner Licence (qbankltest.pdf) + Transport Dept, Govt of Telangana - LLR Question Bank: Road Signs (English)","Frequently Asked","Delhi, Maharashtra, Telangana, Andhra Pradesh"
"Q058","Traffic Signs","A cautionary triangle showing two side roads offset from one another means","Cross road","Round about","Staggered intersection","Gap in median","C","Side roads join from opposite sides but are not directly opposite each other.","Transport Dept, Govt of Telangana - LLR Question Bank: Road Signs (English)","Official","Maharashtra, Telangana, Andhra Pradesh"
"Q059","Traffic Signs","A cautionary triangle showing a bump in the road profile means","Hump or rough road ahead","Zig-zag road","Ghat road","Dangerous dip","A","A speed hump or uneven surface lies ahead; keep speed reduced throughout.","Transport Dept, Govt of NCT of Delhi - Question Bank for Learner Licence (qbankltest.pdf) + Transport Dept, Govt of Telangana - LLR Question Bank: Road Signs (English)","Frequently Asked","Delhi, Maharashtra, Telangana, Andhra Pradesh"
"Q061","Traffic Signs","A cautionary triangle showing a gate or fence across the road means","Barrier ahead","Railway crossing ahead","Weighbridge ahead","Men at work","A","A barrier such as a check post or toll gate lies ahead; be prepared to stop.","Transport Dept, Govt of NCT of Delhi - Question Bank for Learner Licence (qbankltest.pdf) + Transport Dept, Govt of Telangana - LLR Question Bank: Road Signs (English)","Frequently Asked","Delhi, Maharashtra, Telangana, Andhra Pradesh"
"Q062","Traffic Signs","A cautionary triangle showing a cow or buffalo means","Cattle prohibited","Cattle may be on the road","Vehicles carrying cattle prohibited","Cattle market ahead","B","Animals may stray onto the carriageway; slow down and be ready to stop.","Transport Dept, Govt of NCT of Delhi - Question Bank for Learner Licence (qbankltest.pdf) + Transport Dept, Govt of Telangana - LLR Question Bank: Road Signs (English)","Frequently Asked","Delhi, Maharashtra, Telangana, Andhra Pradesh"
"Q063","Traffic Signs","A cautionary triangle showing a locomotive with a fence symbol indicates","Railway station near","Unguarded level crossing","Guarded level crossing","Barrier ahead","C","A level crossing with a gate and gateman lies ahead, at 200 m or 50-100 m as marked.","Transport Dept, Govt of NCT of Delhi - Question Bank for Learner Licence (qbankltest.pdf) + Transport Dept, Govt of Telangana - LLR Question Bank: Road Signs (English)","Frequently Asked","Delhi, Maharashtra, Telangana, Andhra Pradesh"
"Q064","Traffic Signs","A cautionary triangle showing a locomotive without a gate symbol indicates","Railway station near","Unguarded level crossing","Guarded level crossing","Barrier ahead","B","There is no gate or gateman; you must stop, look both ways and cross only when clear.","Transport Dept, Govt of NCT of Delhi - Question Bank for Learner Licence (qbankltest.pdf) + Transport Dept, Govt of Telangana - LLR Question Bank: Road Signs (English)","Frequently Asked","Delhi, Maharashtra, Telangana, Andhra Pradesh"
"Q066","Traffic Signs","A blue rectangle showing a fuel dispenser means","ATM","Hotel","Petrol pump","Air filling","C","An informatory sign showing that a filling station is available ahead.","Transport Dept, Govt of Telangana - LLR Question Bank: Road Signs (English)","Official","Maharashtra, Telangana, Andhra Pradesh"
"Q067","Traffic Signs","A blue rectangle showing a knife and fork means","Eating place","Resting place","Hospital","Light refreshment","A","An informatory sign for a restaurant or eating place.","Transport Dept, Govt of Telangana - LLR Question Bank: Road Signs (English)","Official","Maharashtra, Telangana, Andhra Pradesh"
"Q068","Traffic Signs","A blue rectangle showing a bed means","Hospital","Resting place","First aid post","Light refreshment","B","An informatory sign for a rest house or place to stay.","Transport Dept, Govt of NCT of Delhi - Question Bank for Learner Licence (qbankltest.pdf) + Transport Dept, Govt of Telangana - LLR Question Bank: Road Signs (English)","Frequently Asked","Delhi, Maharashtra, Telangana, Andhra Pradesh"
"Q069","Traffic Signs","A blue rectangle showing a red cross on white means","Hospital","Cross roads","First aid post","No parking","C","A first aid post is available; it is not a full hospital.","Transport Dept, Govt of NCT of Delhi - Question Bank for Learner Licence (qbankltest.pdf) + Transport Dept, Govt of Telangana - LLR Question Bank: Road Signs (English)","Frequently Asked","Delhi, Maharashtra, Telangana, Andhra Pradesh"
"Q070","Traffic Signs","A blue rectangle showing the letter H means","First aid post","Hospital","Resting place","Helipad","B","A hospital lies ahead; do not sound the horn in the vicinity.","Transport Dept, Govt of NCT of Delhi - Question Bank for Learner Licence (qbankltest.pdf) + Transport Dept, Govt of Telangana - LLR Question Bank: Road Signs (English)","Frequently Asked","Delhi, Maharashtra, Telangana, Andhra Pradesh"
"Q071","Traffic Signs","A blue rectangle showing a road that ends in a bar means","Ferry ahead","Main road ahead","No through road","No through side road","C","The road ahead is a dead end with no exit at the far end.","Transport Dept, Govt of NCT of Delhi - Question Bank for Learner Licence (qbankltest.pdf) + Transport Dept, Govt of Telangana - LLR Question Bank: Road Signs (English)","Frequently Asked","Delhi, Maharashtra, Telangana, Andhra Pradesh"
"Q072","Traffic Signs","A blue rectangle showing a side road that ends in a bar means","No through side road","Left turn","Bridge ahead","No through road","A","The side road branching off is a dead end.","Transport Dept, Govt of NCT of Delhi - Question Bank for Learner Licence (qbankltest.pdf) + Transport Dept, Govt of Telangana - LLR Question Bank: Road Signs (English)","Frequently Asked","Delhi, Maharashtra, Telangana, Andhra Pradesh"
"Q073","Traffic Signs","A blue rectangle with the letter P and an arrow means","Post office","No parking","Park this side","Police aid post","C","Parking is permitted on the side indicated by the arrow.","Transport Dept, Govt of NCT of Delhi - Question Bank for Learner Licence (qbankltest.pdf) + Transport Dept, Govt of Telangana - LLR Question Bank: Road Signs (English)","Frequently Asked","Delhi, Maharashtra, Telangana, Andhra Pradesh"
"Q074","Traffic Signs","A blue rectangle with the letter P and a scooter symbol means","Parking lot for scooters and motor cycles","Scooters and motor cycles prohibited","Scooter repair shop","Parking both sides","A","The parking area is reserved for two-wheelers.","Transport Dept, Govt of NCT of Delhi - Question Bank for Learner Licence (qbankltest.pdf) + Transport Dept, Govt of Telangana - LLR Question Bank: Road Signs (English)","Frequently Asked","Delhi, Maharashtra, Telangana, Andhra Pradesh"
"Q077","Traffic Signs","A red traffic light means","You may proceed with caution","You must stop behind the white stop line","Slow down","Give way and proceed","B","Red means stop; the vehicle must not cross the stop line until the light turns green.","Transport Dept, Govt of NCT of Delhi - Question Bank for Learner Licence (qbankltest.pdf) + Transport Dept, Govt of Telangana - LLR Question Bank: Road Signs (English)","Frequently Asked","Delhi, Maharashtra, Telangana, Andhra Pradesh"
"Q078","Traffic Signs","When the green light changes to amber as you approach, you should","Hurry up and cross","Apply brakes and cross","Stop before the stop line, unless you are so close that stopping safely is impossible","Cross only if no policeman is present","C","Amber means stop; you may continue only if you have crossed the line or cannot stop safely.","Transport Dept, Govt of Telangana - LLR Question Bank: Rules of Road Regulations (English)","Official","Maharashtra, Telangana, Andhra Pradesh"
"Q079","Traffic Signs","A flashing yellow (amber) light at an intersection means","Proceed at the same speed","Stop and wait for green","Slow down and proceed only after ensuring it is safe","Give way to traffic on the left","C","A flashing amber warns of a hazard and requires caution, not a full stop.","Transport Dept, Govt of NCT of Delhi - Question Bank for Learner Licence (qbankltest.pdf) + Transport Dept, Govt of Telangana - LLR Question Bank: Road Signs (English)","Frequently Asked","Delhi, Maharashtra, Telangana, Andhra Pradesh"
"Q080","Traffic Signs","A flashing red light at an intersection means","Stop until the green light appears","Stop, observe, and proceed only when the way is clear","Reduce speed and proceed","Signal is out of order, proceed freely","B","A flashing red has the same effect as a STOP sign - halt, then proceed when safe.","Transport Dept, Govt of NCT of Delhi - Question Bank for Learner Licence (qbankltest.pdf) + Transport Dept, Govt of Telangana - LLR Question Bank: Road Signs (English)","Frequently Asked","Delhi, Maharashtra, Telangana, Andhra Pradesh"
"Q081","Traffic Signs","Which light comes after amber in a normal traffic signal cycle?","Red","Green","Blue","Flashing amber","A","The sequence is green, amber, red; amber warns that red is about to appear.","Transport Dept, Govt of Telangana - LLR Question Bank: Rules of Road Regulations (English)","Official","Maharashtra, Telangana, Andhra Pradesh"
"Q082","Traffic Signs","A traffic police officer standing with his palm raised towards you means","Go ahead","Stop","Turn left","Turn right","B","A raised palm facing you is the signal to stop; a police officer's signal overrides the lights.","Transport Dept, Govt of Telangana - LLR Question Bank: Road Signs (English)","Official","Telangana, Andhra Pradesh"
"Q084","Traffic Signs","A driver extends his right arm, palm downward, and moves it up and down several times. This means","He is turning left","He is slowing down","He is inviting you to overtake","He is stopping","B","This is the prescribed hand signal for slowing down under Regulation 13(a).","Transport Dept, Govt of NCT of Delhi - Question Bank for Learner Licence (qbankltest.pdf) + Transport Dept, Govt of Telangana - LLR Question Bank: Road Signs (English)","Frequently Asked","Delhi, Maharashtra, Telangana, Andhra Pradesh"
"Q085","Traffic Signs","A driver raises his right forearm vertically outside the vehicle with the palm facing forward. This means","He intends to go straight","He intends to stop","He intends to turn right","He is inviting you to overtake","B","This is the prescribed hand signal for stopping under Regulation 13(b).","Transport Dept, Govt of NCT of Delhi - Question Bank for Learner Licence (qbankltest.pdf) + Transport Dept, Govt of Telangana - LLR Question Bank: Road Signs (English)","Frequently Asked","Delhi, Maharashtra, Telangana, Andhra Pradesh"
"Q086","Traffic Signs","A driver extends his right arm horizontally with the palm turned to the front. This means","He wants the vehicle behind to stop","He intends to turn right","He wants oncoming vehicles to stop","He is slowing down","B","This is the prescribed hand signal for a right turn under Regulation 13(c).","Transport Dept, Govt of NCT of Delhi - Question Bank for Learner Licence (qbankltest.pdf) + Transport Dept, Govt of Telangana - LLR Question Bank: Road Signs (English)","Frequently Asked","Delhi, Maharashtra, Telangana, Andhra Pradesh"
"Q087","Traffic Signs","A driver extends his right arm and rotates it in an anticlockwise direction. This means","He intends to turn left","He intends to turn right","He wants all other vehicles to stop","He intends to reverse","A","This is the prescribed hand signal for a left turn under Regulation 13(d).","Transport Dept, Govt of NCT of Delhi - Question Bank for Learner Licence (qbankltest.pdf) + Transport Dept, Govt of Telangana - LLR Question Bank: Road Signs (English)","Frequently Asked","Delhi, Maharashtra, Telangana, Andhra Pradesh"
"Q088","Traffic Signs","A driver extends his right arm and swings it backward and forward in a semi-circular motion. This means","He intends to stop","He intends to turn right","He is inviting the vehicle behind to overtake","He is slowing down","C","This is the prescribed signal inviting the following driver to overtake, under Regulation 13(e).","Transport Dept, Govt of Telangana - LLR Question Bank: Road Signs (English)","Official","Telangana, Andhra Pradesh"
"Q089","Traffic Signs","Which hand signal is used before taking a U-turn?","Left turn signal","Slow down signal","Right turn signal","A special U-turn signal","C","A U-turn begins as a right turn, so the right turn signal is given, followed by a check of the mirror.","Transport Dept, Govt of NCT of Delhi - Question Bank for Learner Licence (qbankltest.pdf) + Transport Dept, Govt of Telangana - LLR Question Bank: Road Signs (English)","Frequently Asked","Delhi, Maharashtra, Telangana, Andhra Pradesh"
"Q091","Road Markings","A broken white line along the centre of the road means","You may not change lanes","You may cross it when it is safe to do so and return to your lane","You must stop","Overtaking is prohibited","B","A broken line is permissive; it may be crossed for overtaking when the road ahead is clear.","Transport Dept, Govt of Telangana - LLR Question Bank: Road Signs (English) + Transport Dept, Govt of NCT of Delhi - Question Bank for Learner Licence (qbankltest.pdf)","Frequently Asked","Delhi, Maharashtra, Telangana, Andhra Pradesh"
"Q092","Road Markings","A continuous white or yellow line along the centre of the road means","You may cross it whenever you feel it is safe","You may cross it when there is no oncoming traffic","You must not cross or touch it","You may cross it only to overtake","C","A continuous centre line must not be crossed; lane changing and overtaking across it are prohibited.","Transport Dept, Govt of Telangana - LLR Question Bank: Road Signs (English) + Transport Dept, Govt of NCT of Delhi - Question Bank for Learner Licence (qbankltest.pdf)","Frequently Asked","Delhi, Maharashtra, Telangana, Andhra Pradesh"
"Q093","Road Markings","Two continuous yellow lines in the middle of the road mean","Overtaking is permitted","You must not cross these lines to overtake or make a U-turn","Overtaking permitted but no right turn","You may change lanes with caution","B","Double solid yellow lines create an absolute prohibition on crossing from either side.","Transport Dept, Govt of Telangana - LLR Question Bank: Road Signs (English)","Official","Maharashtra, Telangana, Andhra Pradesh"
"Q094","Road Markings","A broken line running alongside a solid line means","Overtaking is prohibited for everyone","Traffic on the broken-line side may cross with care; traffic on the solid-line side may not","Lane changing is prohibited for everyone","Both sides may overtake freely","B","The rule applies to the line nearer your side of the road.","Transport Dept, Govt of Telangana - LLR Question Bank: Road Signs (English)","Official","Telangana, Andhra Pradesh"
"Q095","Road Markings","The continuous white line painted along the edge of the road indicates","The edge of the carriageway","The approach to a hazard","No parking","No overtaking","A","Edge lines define the usable width of the carriageway, which is helpful at night and in rain.","Transport Dept, Govt of Telangana - LLR Question Bank: Rules of Road Regulations (English)","Official","Telangana, Andhra Pradesh"
"Q097","Road Markings","Zebra lines painted across the road are meant for","Stopping vehicles","Pedestrians to cross","Giving preference to vehicles","Marking a parking bay","B","A zebra crossing is reserved for pedestrians, who have right of way when it is uncontrolled.","Transport Dept, Govt of NCT of Delhi - Question Bank for Learner Licence (qbankltest.pdf) + Transport Dept, Govt of Telangana - LLR Question Bank: General Driving Principles (English)","Frequently Asked","Delhi, Maharashtra, Telangana, Andhra Pradesh"
"Q098","Road Markings","Where a road is marked into lanes, the driver","May change lanes freely when moving slowly","May change lanes only after giving the proper signal","May never change lanes","May change lanes only at night","B","Regulation 18 requires the driver to stay within the lane and signal before changing it.","Transport Dept, Govt of Telangana - LLR Question Bank: Rules of Road Regulations (English) + Rules of the Road Regulations, 1989 (S.O. 439(E)); copy hosted by Maharashtra Transport Dept","Official","Maharashtra, Telangana, Andhra Pradesh"
"Q099","Road Markings","Where a road is divided by a yellow line, vehicles overtaking each other","May cross the yellow line if the road is clear","Must not cross the yellow line","Must cross the yellow line to overtake","Must stop before overtaking","B","Regulation 18(2) prohibits vehicles travelling in the same direction from crossing the yellow line.","Transport Dept, Govt of Telangana - LLR Question Bank: Rules of Road Regulations (English) + Rules of the Road Regulations, 1989 (S.O. 439(E)); copy hosted by Maharashtra Transport Dept","Official","Telangana, Andhra Pradesh"
"Q101","Traffic Rules","The driver of a motor vehicle shall normally drive along","The right side of the road","The left side of the road, as close to it as is expedient","The centre of the road","Either side as convenient","B","Regulation 2 (Keep Left) requires the driver to keep as near the left edge as practicable.","Transport Dept, Govt of NCT of Delhi - Question Bank for Learner Licence (qbankltest.pdf) + Transport Dept, Govt of Telangana - LLR Question Bank: Rules of Road Regulations (English) + Rules of the Road Regulations, 1989 (S.O. 439(E)); copy hosted by Maharashtra Transport Dept","Frequently Asked","Delhi, Maharashtra, Telangana, Andhra Pradesh"
"Q102","Traffic Rules","Vehicles coming from the opposite direction should be allowed to pass on","Your right side","Your left side","Whichever side is convenient","The centre of the road","A","In left-hand traffic, oncoming vehicles pass on your right (Regulation 2).","Transport Dept, Govt of NCT of Delhi - Question Bank for Learner Licence (qbankltest.pdf) + Transport Dept, Govt of Telangana - LLR Question Bank: Rules of Road Regulations (English)","Frequently Asked","Delhi, Maharashtra, Telangana, Andhra Pradesh"
"Q103","Traffic Rules","You may normally overtake a vehicle in front","Through its right side","Through its left side","Through the left if the road is wide","From any side","A","Regulation 4 requires you to pass to the right of traffic proceeding in the same direction.","Transport Dept, Govt of NCT of Delhi - Question Bank for Learner Licence (qbankltest.pdf) + Transport Dept, Govt of Telangana - LLR Question Bank: Rules of Road Regulations (English)","Frequently Asked","Delhi, Maharashtra, Telangana, Andhra Pradesh"
"Q104","Traffic Rules","You may overtake a vehicle on its left side only when","The driver of that vehicle has signalled a right turn and drawn to the centre of the road","There is enough space on the left","The vehicle is moving slowly","You are in a hurry","A","This is the sole exception permitted by Regulation 5.","Transport Dept, Govt of NCT of Delhi - Question Bank for Learner Licence (qbankltest.pdf) + Transport Dept, Govt of Telangana - LLR Question Bank: Rules of Road Regulations (English)","Frequently Asked","Delhi, Maharashtra, Telangana, Andhra Pradesh"
"Q105","Traffic Rules","Overtaking is prohibited when","It is likely to cause inconvenience or danger to other traffic","The vehicle in front is slowing down","It is night time","The road is wide","A","Regulation 6(a) forbids overtaking whenever it may endanger or inconvenience others.","Transport Dept, Govt of NCT of Delhi - Question Bank for Learner Licence (qbankltest.pdf) + Transport Dept, Govt of Telangana - LLR Question Bank: Rules of Road Regulations (English)","Frequently Asked","Delhi, Maharashtra, Telangana, Andhra Pradesh"
"Q107","Traffic Rules","If the driver behind you has already begun to overtake, you","May still overtake the vehicle ahead","Must not overtake","May overtake while sounding the horn","May overtake if you signal","B","Regulation 6(c) prohibits overtaking when you are yourself being overtaken.","Transport Dept, Govt of NCT of Delhi - Question Bank for Learner Licence (qbankltest.pdf) + Transport Dept, Govt of Telangana - LLR Question Bank: Rules of Road Regulations (English)","Frequently Asked","Delhi, Maharashtra, Telangana, Andhra Pradesh"
"Q108","Traffic Rules","When another vehicle is overtaking you, you should","Increase your speed","Increase speed with care","Not increase speed or obstruct the other vehicle in any way","Move to the overtaking lane","C","Regulation 7 forbids the overtaken driver from doing anything to prevent the pass.","Transport Dept, Govt of NCT of Delhi - Question Bank for Learner Licence (qbankltest.pdf) + Transport Dept, Govt of Telangana - LLR Question Bank: Rules of Road Regulations (English)","Frequently Asked","Delhi, Maharashtra, Telangana, Andhra Pradesh"
"Q111","Traffic Rules","While turning into a road on your left, you should","Signal left, move to the centre and turn","Sound the horn and turn","Signal left, keep close to the left side of the road and turn","Turn without signalling","C","Regulation 3(a) requires the driver to hug the left edge of both roads while turning left.","Transport Dept, Govt of NCT of Delhi - Question Bank for Learner Licence (qbankltest.pdf) + Transport Dept, Govt of Telangana - LLR Question Bank: Rules of Road Regulations (English)","Frequently Asked","Delhi, Maharashtra, Telangana, Andhra Pradesh"
"Q112","Traffic Rules","While turning into a road on your right, you should","Signal right, draw near the centre of the road you are on, and arrive near the left of the road you enter","Keep to the extreme left throughout","Turn from any lane","Turn without signalling","A","This is the full procedure prescribed by Regulation 3(b).","Transport Dept, Govt of Telangana - LLR Question Bank: Rules of Road Regulations (English) + Rules of the Road Regulations, 1989 (S.O. 439(E)); copy hosted by Maharashtra Transport Dept","Official","Telangana, Andhra Pradesh"
"Q113","Traffic Rules","You must slow down when approaching","A road intersection","A road junction","A pedestrian crossing","All of the above","D","Regulation 8 requires the driver to slow down at all of these and enter only when safe.","Transport Dept, Govt of Telangana - LLR Question Bank: Rules of Road Regulations (English) + Rules of the Road Regulations, 1989 (S.O. 439(E)); copy hosted by Maharashtra Transport Dept","Frequently Asked","Maharashtra, Telangana, Andhra Pradesh"
"Q114","Traffic Rules","When entering a main road from a branch road, you should give preference to","Vehicles coming from the left","Vehicles coming from the right","All vehicles already proceeding along the main road","No one, if you signal","C","Regulation 9 requires traffic entering a designated main road to give way.","Transport Dept, Govt of NCT of Delhi - Question Bank for Learner Licence (qbankltest.pdf) + Transport Dept, Govt of Telangana - LLR Question Bank: Rules of Road Regulations (English)","Frequently Asked","Delhi, Maharashtra, Telangana, Andhra Pradesh"
"Q115","Traffic Rules","At an uncontrolled intersection with no signal or policeman, you should","Give way to traffic approaching from any road","Sound the horn and proceed","Give way to traffic approaching from your right, then proceed after signalling","Proceed at the same speed","C","Where no main road is designated, Regulation 9 gives priority to traffic on your right.","Transport Dept, Govt of NCT of Delhi - Question Bank for Learner Licence (qbankltest.pdf) + Transport Dept, Govt of Telangana - LLR Question Bank: Rules of Road Regulations (English)","Frequently Asked","Delhi, Maharashtra, Telangana, Andhra Pradesh"
"Q116","Traffic Rules","When approaching a roundabout you must give way to","Cyclists","Slow-moving vehicles","Traffic on your right","Traffic on your left","C","Traffic already circulating in the roundabout approaches from your right and has priority.","Transport Dept, Govt of Telangana - LLR Question Bank: Rules of Road Regulations (English)","Official","Maharashtra, Telangana, Andhra Pradesh"
"Q117","Traffic Rules","Free passage must be given to","Police vehicles","Ambulances and fire service vehicles","Express buses","Government vehicles","B","Regulation 10 requires every driver to draw to the side and let these vehicles pass.","Transport Dept, Govt of NCT of Delhi - Question Bank for Learner Licence (qbankltest.pdf) + Transport Dept, Govt of Telangana - LLR Question Bank: Rules of Road Regulations (English)","Frequently Asked","Delhi, Maharashtra, Telangana, Andhra Pradesh"
"Q118","Traffic Rules","Near a pedestrian crossing where pedestrians are waiting to cross, you should","Sound the horn and proceed","Slow down, sound the horn and pass","Stop and wait until the pedestrians have crossed, then proceed","Speed up to clear the crossing","C","Pedestrians have right of way at uncontrolled crossings under Regulation 11.","Transport Dept, Govt of NCT of Delhi - Question Bank for Learner Licence (qbankltest.pdf) + Transport Dept, Govt of Telangana - LLR Question Bank: Rules of Road Regulations (English)","Frequently Asked","Delhi, Maharashtra, Telangana, Andhra Pradesh"
"Q119","Traffic Rules","You are approaching a narrow bridge and another vehicle is about to enter it from the opposite side. You should","Increase speed and cross first","Switch on the headlight and cross","Wait until the other vehicle has crossed, then proceed","Sound the horn and drive through","C","Only one vehicle can pass at a time, so the vehicle already on or entering the bridge is allowed through.","Transport Dept, Govt of NCT of Delhi - Question Bank for Learner Licence (qbankltest.pdf) + Transport Dept, Govt of Telangana - LLR Question Bank: Rules of Road Regulations (English)","Frequently Asked","Delhi, Telangana, Andhra Pradesh"
"Q120","Traffic Rules","Before crossing an unguarded railway level crossing, the driver must","Stop on the left, get down, walk to the track and make sure no train or trolley is approaching from either side","Sound the horn and cross quickly","Switch on the headlights and cross","Ask the railway authorities about train timings","A","There is no gate or gateman, so the driver must personally verify that the line is clear.","Transport Dept, Govt of NCT of Delhi - Question Bank for Learner Licence (qbankltest.pdf) + Transport Dept, Govt of Telangana - LLR Question Bank: Rules of Road Regulations (English)","Frequently Asked","Delhi, Maharashtra, Telangana, Andhra Pradesh"
"Q122","Traffic Rules","A U-turn is prohibited","On a road with no traffic restrictions","On a busy road and wherever a No U-turn sign is displayed","Only at night","Only for two wheelers","B","Regulation 12 bars U-turns where specifically prohibited and on busy traffic roads.","Transport Dept, Govt of NCT of Delhi - Question Bank for Learner Licence (qbankltest.pdf) + Transport Dept, Govt of Telangana - LLR Question Bank: Rules of Road Regulations (English)","Frequently Asked","Delhi, Telangana, Andhra Pradesh"
"Q123","Traffic Rules","You wish to take a U-turn at an intersection controlled by traffic lights. You should","Drive to another intersection with no signal","Wait until the light turns green before making the U-turn","Make the U-turn only if a policeman is present","Make the U-turn on the amber light","B","Wording varies: the Telangana bank requires waiting for green, while the Delhi bank keys this item to the presence of a police officer.","Transport Dept, Govt of Telangana - LLR Question Bank: Rules of Road Regulations (English)","Official","Maharashtra, Telangana, Andhra Pradesh"
"Q124","Traffic Rules","On mountain and steep roads, precedence must be given to","Vehicles travelling downhill","Vehicles travelling uphill","Heavily loaded vehicles","Whichever vehicle arrives first","B","Regulation 25 requires the descending vehicle to stop and let the ascending vehicle pass.","Transport Dept, Govt of NCT of Delhi - Question Bank for Learner Licence (qbankltest.pdf) + Transport Dept, Govt of Telangana - LLR Question Bank: Rules of Road Regulations (English)","Frequently Asked","Delhi, Maharashtra, Telangana, Andhra Pradesh"
"Q125","Traffic Rules","The minimum distance to be kept from the vehicle in front is","10 metres","5 metres","A distance sufficient to avoid a collision if the vehicle in front suddenly slows or stops","15 metres","C","Regulation 23 fixes no numeric figure; the safe gap depends on speed and conditions.","Transport Dept, Govt of NCT of Delhi - Question Bank for Learner Licence (qbankltest.pdf) + Transport Dept, Govt of Telangana - LLR Question Bank: Rules of Road Regulations (English)","Frequently Asked","Delhi, Maharashtra, Telangana, Andhra Pradesh"
"Q126","Traffic Rules","A driver should apply the brakes abruptly","Whenever he wishes","Only when it is necessary for safety","To warn the vehicle behind","While descending a hill","B","Regulation 24 prohibits abrupt braking except where it is necessary for safety reasons.","Rules of the Road Regulations, 1989 (S.O. 439(E)); copy hosted by Maharashtra Transport Dept","Government-derived","All India (statutory - applies in every state)"
"Q128","Traffic Rules","Which type of horn is permitted on a motor vehicle?","Air horn","Multi-toned horn","Electric horn","Musical horn","C","Regulation 21 prohibits multi-toned, harsh, shrill or alarming horns.","Transport Dept, Govt of NCT of Delhi - Question Bank for Learner Licence (qbankltest.pdf) + Transport Dept, Govt of Telangana - LLR Question Bank: General Driving Principles (English)","Frequently Asked","Delhi, Maharashtra, Telangana, Andhra Pradesh"
"Q129","Traffic Rules","Which of the following is correct?","You should not sound the horn in silence zones","You should not use multi-toned horns","You should not drive a vehicle creating undue noise","All of the above","D","Regulation 21 imposes all three restrictions on noise from motor vehicles.","Transport Dept, Govt of Telangana - LLR Question Bank: General Driving Principles (English)","Official","Telangana, Andhra Pradesh"
"Q130","Traffic Rules","On which of these occasions must you stop your vehicle?","When involved in an accident","At a red traffic light","When signalled to do so by a police officer","All of the above","D","All three are mandatory stops under the Act and the Rules of the Road Regulations.","Transport Dept, Govt of Telangana - LLR Question Bank: General Driving Principles (English)","Official","Maharashtra, Telangana, Andhra Pradesh"
"Q131","Traffic Rules","Reversing a vehicle is prohibited","On a busy road","On a one-way road","On a roundabout","All of the above","D","Regulation 31 permits reversing only for the distance reasonably needed and only when it causes no danger.","Transport Dept, Govt of Telangana - LLR Question Bank: Rules of Road Regulations (English)","Official","Telangana, Andhra Pradesh"
"Q132","Traffic Rules","When you are not sure it is safe to reverse, you should","Sound the horn","Rev the engine","Get out and check, or ask someone to guide you","Reverse slowly regardless","C","The driver must satisfy himself that reversing will cause no danger before moving.","Transport Dept, Govt of Telangana - LLR Question Bank: Rules of Road Regulations (English)","Official","Maharashtra, Telangana, Andhra Pradesh"
"Q133","Traffic Rules","When may you reverse from a side road into a main road?","Only if both roads are clear","Not at any time","At any time","Only if the main road is clear","B","Reversing into a main road is never permitted because of the danger to through traffic.","Transport Dept, Govt of Telangana - LLR Question Bank: Rules of Road Regulations (English)","Official","Maharashtra, Telangana, Andhra Pradesh"
"Q134","Traffic Rules","Where a person in charge of an animal apprehends that the animal may become unmanageable and asks you to stop, you should","Stop the vehicle","Proceed while sounding the horn","Merely reduce speed","Ignore the request","A","The driver is required to stop, since the handler has no authority over the animal's reaction to traffic.","Transport Dept, Govt of NCT of Delhi - Question Bank for Learner Licence (qbankltest.pdf) + Transport Dept, Govt of Telangana - LLR Question Bank: Rules of Road Regulations (English)","Frequently Asked","Delhi, Maharashtra, Telangana, Andhra Pradesh"
"Q135","Traffic Rules","When a blind person crosses the road holding a white cane, the driver","Should treat the white cane as a signal to stop the vehicle","Should sound the horn and proceed","Should slow down and proceed","Need take no special action","A","The white cane is recognised as a stop signal, and vehicles must halt to let the person cross.","Transport Dept, Govt of NCT of Delhi - Question Bank for Learner Licence (qbankltest.pdf) + Transport Dept, Govt of Telangana - LLR Question Bank: Rules of Road Regulations (English)","Frequently Asked","Delhi, Maharashtra, Telangana, Andhra Pradesh"
"Q136","Traffic Rules","Mobile phones may not be used","In government offices","In police stations","While driving a vehicle","In parking lots","C","Using a hand-held phone while driving is an offence and a major cause of distraction.","Transport Dept, Govt of NCT of Delhi - Question Bank for Learner Licence (qbankltest.pdf) + Transport Dept, Govt of Telangana - LLR Question Bank: General Driving Principles (English)","Frequently Asked","Delhi, Maharashtra, Telangana, Andhra Pradesh"
"Q137","Traffic Rules","Boarding or alighting from a vehicle while it is in motion is","Permitted in buses","Permitted in auto rickshaws","Prohibited in all vehicles","Permitted if the vehicle is slow","C","It is prohibited for every class of vehicle because of the risk of falling under the wheels.","Transport Dept, Govt of NCT of Delhi - Question Bank for Learner Licence (qbankltest.pdf) + Transport Dept, Govt of Telangana - LLR Question Bank: General Driving Principles (English)","Frequently Asked","Delhi, Maharashtra, Telangana, Andhra Pradesh"
"Q138","Traffic Rules","Carrying more than two persons on a two wheeler is","Allowed in unavoidable circumstances","A violation of law","Allowed when traffic is light","Allowed in rural areas","B","A two wheeler may carry only the rider and one pillion passenger.","Transport Dept, Govt of NCT of Delhi - Question Bank for Learner Licence (qbankltest.pdf) + Transport Dept, Govt of Telangana - LLR Question Bank: General Driving Principles (English)","Frequently Asked","Delhi, Maharashtra, Telangana, Andhra Pradesh"
"Q142","Traffic Rules","A driver of a goods vehicle may carry passengers","On the trailer","On the body of the vehicle","For hire or reward","Not at all","D","A goods carriage may not be used to carry passengers for hire or reward.","Transport Dept, Govt of Telangana - LLR Question Bank: General Driving Principles (English)","Official","Telangana, Andhra Pradesh"
"Q147","Traffic Rules","Except for the fuel and lubricants needed by the vehicle itself, dangerous or highly inflammable substances","May be carried in any public service vehicle","May not be carried in a public service vehicle","May be carried at night only","May be carried with the conductor's permission","B","Regulation 30 prohibits carrying explosives or inflammable goods on public service vehicles.","Rules of the Road Regulations, 1989 (S.O. 439(E)); copy hosted by Maharashtra Transport Dept","Government-derived","All India (statutory - applies in every state)"
"Q148","Traffic Rules","Where a footpath or cycle track is provided, a driver","May use it when the road is congested","May use it only at night","Must not drive on it except with the permission of a police officer in uniform","May use it if he sounds the horn","C","Regulation 11 reserves footpaths and cycle tracks for pedestrians and cyclists.","Rules of the Road Regulations, 1989 (S.O. 439(E)); copy hosted by Maharashtra Transport Dept","Government-derived","All India (statutory - applies in every state)"
"Q149","Traffic Rules","While driving with headlights on high beam at night, when a vehicle approaches from the opposite direction you should","Continue, keeping to the left","Flash between dim and bright several times","Dip the headlight until the vehicle has passed","Switch the headlights off","C","Dipping prevents dazzling the oncoming driver, a common cause of night-time collisions.","Transport Dept, Govt of NCT of Delhi - Question Bank for Learner Licence (qbankltest.pdf) + Transport Dept, Govt of Telangana - LLR Question Bank: General Driving Principles (English)","Frequently Asked","Delhi, Maharashtra, Telangana, Andhra Pradesh"
"Q152","Traffic Rules","Pedestrians should not cross the road at sharp bends or immediately behind a stopped vehicle because","It inconveniences other vehicles","It inconveniences other pedestrians","Drivers approaching from a distance may not be able to see the person crossing","It is a punishable offence","C","Concealed pedestrians give approaching drivers no time to react.","Transport Dept, Govt of NCT of Delhi - Question Bank for Learner Licence (qbankltest.pdf) + Transport Dept, Govt of Telangana - LLR Question Bank: Rules of Road Regulations (English)","Frequently Asked","Delhi, Maharashtra, Telangana, Andhra Pradesh"
"Q154","Traffic Rules","Green signal is showing in your favour but the intersection ahead is blocked. You should","Proceed anyway","Sound the horn and proceed","Wait, because entering would block the intersection","Reverse out of the junction","C","Entering a blocked junction causes gridlock and obstructs cross traffic.","Transport Dept, Govt of Telangana - LLR Question Bank: Rules of Road Regulations (English)","Official","Telangana, Andhra Pradesh"
"Q155","Traffic Rules","At a traffic junction the signal has turned green but pedestrians are still on the zebra crossing. You should","Move forward while sounding the horn","Wait patiently and allow the pedestrians to pass","Signal the pedestrians to stop","Turn right and go","B","Pedestrians already on the crossing must be allowed to complete it.","Transport Dept, Govt of Telangana - LLR Question Bank: Rules of Road Regulations (English)","Official","Maharashtra, Telangana, Andhra Pradesh"
"Q156","Traffic Rules","When traffic lights are out of order, the correct precaution is to","Slow down and keep moving","Stop, look right and left, and proceed cautiously","Take no precaution","Maintain the same speed","B","With no signal in operation, ordinary right of way rules and caution apply.","Transport Dept, Govt of Telangana - LLR Question Bank: Rules of Road Regulations (English)","Official","Maharashtra, Telangana, Andhra Pradesh"
"Q157","Traffic Rules","No load or goods may be placed on a motor vehicle in a way that","Masks a lamp, registration mark or other required mark","Increases fuel consumption","Reduces the resale value","Makes the vehicle heavier","A","Regulation 16 requires lamps and registration marks to remain visible and legible at all times.","Rules of the Road Regulations, 1989 (S.O. 439(E)); copy hosted by Maharashtra Transport Dept","Government-derived","All India (statutory - applies in every state)"
"Q158","Traffic Rules","A driver must not allow a person to sit or an object to be placed in a position that","Makes the vehicle look untidy","Hampers his control of the vehicle","Reduces the seating capacity","Blocks the rear seat","B","Regulation 26 prohibits anything that obstructs the driver's control.","Rules of the Road Regulations, 1989 (S.O. 439(E)); copy hosted by Maharashtra Transport Dept","Government-derived","All India (statutory - applies in every state)"
"Q159","Speed Limits","A speed limit sign indicates the maximum speed permitted","In ideal conditions","In all conditions including rain and fog","Only at night","Only for heavy vehicles","A","In rain, fog or heavy traffic a safe speed will be lower than the posted limit.","Transport Dept, Govt of Telangana - LLR Question Bank: Rules of Road Regulations (English)","Official","Telangana, Andhra Pradesh"
"Q160","Speed Limits","The maximum speed allowed when passing a procession, a body of troops or police on the march is","15 km/h","25 km/h","35 km/h","40 km/h","B","Regulation 27 fixes 25 km/h when passing a procession or workmen on the road.","Transport Dept, Govt of NCT of Delhi - Question Bank for Learner Licence (qbankltest.pdf) + Transport Dept, Govt of Telangana - LLR Question Bank: General Driving Principles (English)","Frequently Asked","Delhi, Maharashtra, Telangana, Andhra Pradesh"
"Q161","Speed Limits","When passing a stretch where workers are carrying out road repairs, your speed must not exceed","25 km/h","35 km/h","45 km/h","55 km/h","A","Regulation 27 applies the same 25 km/h limit near workmen engaged on road repair.","Transport Dept, Govt of Telangana - LLR Question Bank: General Driving Principles (English) + Rules of the Road Regulations, 1989 (S.O. 439(E)); copy hosted by Maharashtra Transport Dept","Official","Telangana, Andhra Pradesh"
"Q162","Speed Limits","The maximum speed permitted for a vehicle towing another mechanically disabled vehicle is","60 km/h","50 km/h","24 km/h","10 km/h","C","Regulation 20(4) fixes 24 km/h for a vehicle towing another.","Transport Dept, Govt of NCT of Delhi - Question Bank for Learner Licence (qbankltest.pdf) + Transport Dept, Govt of Telangana - LLR Question Bank: General Driving Principles (English) + Rules of the Road Regulations, 1989 (S.O. 439(E)); copy hosted by Maharashtra Transport Dept","Frequently Asked","Delhi, Maharashtra, Telangana, Andhra Pradesh"
"Q163","Speed Limits","Under the Telangana and Andhra Pradesh learner licence bank, the maximum speed at which a two wheeler may be driven is","60 km/h","80 km/h","50 km/h","100 km/h","C","State speed schedules differ; the Delhi bank also keys the motor cycle maximum to 50 km/h.","Transport Dept, Govt of Telangana - LLR Question Bank: General Driving Principles (English)","Official","Telangana, Andhra Pradesh"
"Q172","Speed Limits","Under the 2018 central notification, the maximum speed for an M1 category vehicle (a car with up to 8 seats besides the driver) on an expressway is","100 km/h","110 km/h","120 km/h","140 km/h","C","MoRTH fixed 120 km/h for M1 vehicles on expressways; states may notify lower limits.","MoRTH Notification S.O. 1522(E) dated 06-04-2018 (revised speed limits)","Government-derived","All India (statutory - applies in every state)"
"Q173","Speed Limits","Under the 2018 central notification, the maximum speed for an M1 category vehicle on a four-lane divided national highway is","80 km/h","90 km/h","100 km/h","120 km/h","C","The earlier limit of 80 km/h was raised to 100 km/h by the 2018 notification.","MoRTH Notification S.O. 1522(E) dated 06-04-2018 (revised speed limits)","Government-derived","All India (statutory - applies in every state)"
"Q174","Speed Limits","Under the 2018 central notification, the maximum speed for an M1 category vehicle within municipal limits is","50 km/h","60 km/h","70 km/h","80 km/h","C","The notified urban figure is 70 km/h, but local authorities frequently post lower limits.","MoRTH Notification S.O. 1522(E) dated 06-04-2018 (revised speed limits)","Government-derived","All India (statutory - applies in every state)"
"Q177","Speed Limits","Increasing your speed has what effect on stopping distance?","No difference","The greater the speed, the shorter the stopping distance","The greater the speed, the longer the stopping distance","It depends only on the brakes","C","Stopping distance rises sharply with speed because braking distance varies with its square.","Transport Dept, Govt of Telangana - LLR Question Bank: General Driving Principles (English)","Official","Telangana, Andhra Pradesh"
"Q178","Speed Limits","Driving at high speed","Gives better fuel economy","Does not give you enough time to react to hazards","Causes less damage to the engine","Is safe on a clear road","B","The faster you travel, the less time you have to perceive and respond to a hazard.","Transport Dept, Govt of Telangana - LLR Question Bank: General Driving Principles (English)","Official","Telangana, Andhra Pradesh"
"Q180","Parking Rules","In which of these places may you park your vehicle?","Near a road crossing","Near a bend in the road","On a footpath","None of these","D","Regulation 15(2) prohibits parking at road crossings, bends, hill tops and on footpaths.","Transport Dept, Govt of Telangana - LLR Question Bank: Rules of Road Regulations (English) + Rules of the Road Regulations, 1989 (S.O. 439(E)); copy hosted by Maharashtra Transport Dept","Official","Telangana, Andhra Pradesh"
"Q181","Parking Rules","In which of these places may you park your vehicle?","Near a traffic light","Near a pedestrian crossing","On a main road carrying fast traffic","None of these","D","All three are expressly prohibited parking places under Regulation 15(2).","Transport Dept, Govt of Telangana - LLR Question Bank: Rules of Road Regulations (English) + Rules of the Road Regulations, 1989 (S.O. 439(E)); copy hosted by Maharashtra Transport Dept","Official","Telangana, Andhra Pradesh"
"Q182","Parking Rules","In which of these places may you park your vehicle?","Opposite another parked vehicle","Alongside another parked vehicle","Where there is a continuous white line on the road","In a place off the road","D","Double parking and parking across a continuous line are prohibited; an off-road bay is safe.","Transport Dept, Govt of Telangana - LLR Question Bank: Rules of Road Regulations (English) + Rules of the Road Regulations, 1989 (S.O. 439(E)); copy hosted by Maharashtra Transport Dept","Official","Telangana, Andhra Pradesh"
"Q186","Parking Rules","You must not park","Near a school entrance","Near a police station","On a side road","In a parking lot","A","A vehicle parked at a school gate hides children from approaching drivers.","Transport Dept, Govt of Telangana - LLR Question Bank: Rules of Road Regulations (English)","Official","Telangana, Andhra Pradesh"
"Q187","Parking Rules","You must not park or wait","At a bus stop","Opposite a traffic island","In front of someone else's gate","All of the above","D","Each of these obstructs other road users or blocks lawful access.","Transport Dept, Govt of Telangana - LLR Question Bank: Rules of Road Regulations (English)","Official","Telangana, Andhra Pradesh"
"Q189","Parking Rules","On a foggy day, if you must unavoidably park on the road, you should","Leave the headlights on","Leave the side lights on","Place stones around the vehicle","Leave the hazard lights flashing","B","Side lights mark the vehicle without dazzling approaching drivers in fog.","Transport Dept, Govt of Telangana - LLR Question Bank: General Driving Principles (English)","Official","Telangana, Andhra Pradesh"
"Q190","Parking Rules","When parking facing downhill you should","Turn the steering wheel towards the kerb and apply the hand brake firmly","Park close to the bumper of another car","Park with two wheels on the kerb","Turn the wheels away from the kerb","A","If the brakes fail, the wheels turn into the kerb and stop the vehicle rolling away.","Transport Dept, Govt of Telangana - LLR Question Bank: Rules of Road Regulations (English)","Official","Telangana, Andhra Pradesh"
"Q191","Parking Rules","When you leave your vehicle unattended, even for a few minutes, you should","Lock it and remove the key","Leave the engine running","Switch off but leave the key in","Park near a traffic policeman","A","Leaving the key invites theft and leaves the vehicle unsecured.","Transport Dept, Govt of Telangana - LLR Question Bank: Rules of Road Regulations (English)","Official","Telangana, Andhra Pradesh"
"Q192","Parking Rules","When you leave your vehicle parked on a road, you may leave the engine running","If it will be parked for less than five minutes","If the battery is flat","In a slow speed zone","On no occasion","D","An unattended running engine wastes fuel, pollutes and can allow the vehicle to be driven away.","Transport Dept, Govt of Telangana - LLR Question Bank: Rules of Road Regulations (English)","Official","Telangana, Andhra Pradesh"
"Q193","Parking Rules","The hand brake is used","To reduce speed while driving","To apply a sudden brake","To hold the vehicle when parked","To control a skid","C","The hand or parking brake holds a stationary vehicle; it is not a service brake.","Transport Dept, Govt of NCT of Delhi - Question Bank for Learner Licence (qbankltest.pdf) + Transport Dept, Govt of Telangana - LLR Question Bank: General Driving Principles (English)","Frequently Asked","Delhi, Maharashtra, Telangana, Andhra Pradesh"
"Q194","Parking Rules","Every driver parking on a road must park in such a way that it","Looks neat","Does not cause danger, obstruction or undue inconvenience to other road users","Faces the direction of travel","Is under a street light","B","This is the general duty imposed by Regulation 15(1), in addition to the specific prohibitions.","Rules of the Road Regulations, 1989 (S.O. 439(E)); copy hosted by Maharashtra Transport Dept","Government-derived","All India (statutory - applies in every state)"
"Q195","Driving Etiquette","What is defensive driving?","Driving cautiously, anticipating that other road users may break rules or make mistakes","Driving with the sole aim of reaching the destination quickly","Driving on the assumption that others will look after their own safety","Always driving slowly","A","Defensive driving means being alert, thinking ahead and leaving yourself an escape route.","Transport Dept, Govt of NCT of Delhi - Question Bank for Learner Licence (qbankltest.pdf) + Transport Dept, Govt of Telangana - LLR Question Bank: General Driving Principles (English)","Frequently Asked","Delhi, Maharashtra, Telangana, Andhra Pradesh"
"Q197","Driving Etiquette","You should flash your headlights at other road users only","To show that you are giving way","To show that you are about to turn","To tell them you have right of way","To let them know that you are there","D","Flashing has one lawful meaning: warning others of your presence.","Transport Dept, Govt of Telangana - LLR Question Bank: General Driving Principles (English)","Official","Maharashtra, Telangana, Andhra Pradesh"
"Q198","Driving Etiquette","Another driver does something that upsets you. You should","Try not to react","Let them know how you feel","Flash your headlights several times","Sound your horn","A","Retaliation escalates risk; staying calm keeps you and others safe.","Transport Dept, Govt of Telangana - LLR Question Bank: General Driving Principles (English)","Official","Maharashtra, Telangana, Andhra Pradesh"
"Q199","Driving Etiquette","How should you react to drivers who appear to be inexperienced?","Sound your horn to warn them","Be patient and be prepared for their slow reaction","Flash your headlights to tell them to proceed","Overtake them as soon as possible","B","Pressure makes a nervous driver more likely to make a mistake.","Transport Dept, Govt of Telangana - LLR Question Bank: General Driving Principles (English)","Official","Telangana, Andhra Pradesh"
"Q200","Driving Etiquette","You should be extra cautious while overtaking","Vehicles displaying an L mark","Slow-speed vehicles","Old vehicles","Light vehicles","A","A learner may become nervous and react unpredictably, which can lead to a collision.","Transport Dept, Govt of Telangana - LLR Question Bank: Rules of Road Regulations (English)","Official","Maharashtra, Telangana, Andhra Pradesh"
"Q201","Driving Etiquette","When a bus at a bus stop signals its intention to move off, you should","Get past before it moves","Allow it to pull away if it is safe to do so","Flash your headlights as you approach","Sound the horn and continue","B","Courtesy to buses keeps public transport moving and avoids sudden conflicts.","Transport Dept, Govt of Telangana - LLR Question Bank: Rules of Road Regulations (English)","Official","Maharashtra, Telangana, Andhra Pradesh"
"Q202","Driving Etiquette","What action should you take when elderly people are crossing the road?","Wave them across so they know you have seen them","Be patient and give them sufficient time to cross","Rev the engine to let them know you are waiting","Tap the horn in case they are hard of hearing","B","Older pedestrians need more time; waving them across can send them into another vehicle's path.","Transport Dept, Govt of Telangana - LLR Question Bank: Rules of Road Regulations (English)","Official","Maharashtra, Telangana, Andhra Pradesh"
"Q203","Driving Etiquette","You approach a large puddle close to the left kerb and pedestrians are standing near the water. You should","Ignore the puddle","Brake suddenly and sound the horn","Slow down before the puddle and try to avoid splashing the pedestrians","Wave the pedestrians back","C","Splashing pedestrians is inconsiderate and, where deliberate, can amount to an offence.","Transport Dept, Govt of Telangana - LLR Question Bank: Rules of Road Regulations (English)","Official","Maharashtra, Telangana, Andhra Pradesh"
"Q204","Driving Etiquette","Why should you make sure your indicators are cancelled after turning?","To avoid flattening the battery","To avoid misleading other road users","To avoid dazzling other road users","To avoid damaging the relay","B","An indicator left flashing tells other drivers you intend a manoeuvre you are not making.","Transport Dept, Govt of Telangana - LLR Question Bank: General Driving Principles (English)","Official","Maharashtra, Telangana, Andhra Pradesh"
"Q205","Driving Etiquette","What should you use your horn for?","To alert others of your presence","To claim right of way","To greet other road users","To signal your annoyance","A","The horn is a safety warning device, not a means of demanding priority.","Transport Dept, Govt of Telangana - LLR Question Bank: General Driving Principles (English)","Official","Maharashtra, Telangana, Andhra Pradesh"
"Q206","Driving Etiquette","When should you direct pedestrians to cross the road?","At pedestrian crossings","At no time","At junctions","At school crossings","B","Only a police officer or authorised warden may direct pedestrians; a driver's wave can be fatal.","Transport Dept, Govt of Telangana - LLR Question Bank: Rules of Road Regulations (English)","Official","Maharashtra, Telangana, Andhra Pradesh"
"Q207","Driving Etiquette","You have stopped at a zebra crossing but the pedestrians do not start to cross. You should","Be patient and wait","Sound your horn","Drive on","Wave them across","A","Wait until they cross or clearly indicate that they do not intend to.","Transport Dept, Govt of Telangana - LLR Question Bank: Rules of Road Regulations (English)","Official","Maharashtra, Telangana, Andhra Pradesh"
"Q208","Driving Etiquette","Which road users should be given extra room when you overtake?","Motorcycles and bicycles","Tractors","Trailers","Buses","A","Two-wheelers can wobble or swerve to avoid a pothole, so a wide berth is essential.","Transport Dept, Govt of Telangana - LLR Question Bank: Rules of Road Regulations (English)","Official","Maharashtra, Telangana, Andhra Pradesh"
"Q209","Driving Etiquette","You have been involved in an argument before starting your journey and feel angry. You should","Start driving but open a window","Drive slower than normal with the radio on","Have a drink to relax","Calm down before you start to drive","D","Anger impairs judgement and encourages risk-taking at the wheel.","Transport Dept, Govt of Telangana - LLR Question Bank: General Driving Principles (English)","Official","Maharashtra, Telangana, Andhra Pradesh"
"Q211","Driving Etiquette","You are following a cyclist and wish to turn left just ahead. You should","Overtake the cyclist before the junction","Stay level with the cyclist until after the junction","Hold back until the cyclist has passed the junction","Sound the horn and turn","C","Overtaking then turning across a cyclist's path is a common and serious cause of injury.","Transport Dept, Govt of Telangana - LLR Question Bank: Rules of Road Regulations (English)","Official","Maharashtra, Telangana, Andhra Pradesh"
"Q212","Safety","Driving is a repetition of three things. In the correct order these are","Think, do and see","Do, think and see","See, think and do","See, do and think","C","Observation comes first, then judgement, then action - the basis of the driving task.","Transport Dept, Govt of Telangana - LLR Question Bank: General Driving Principles (English)","Official","Telangana, Andhra Pradesh"
"Q213","Safety","You start to feel tired while driving. What should you do?","Increase your speed slightly","Decrease your speed slightly","Find a less busy route","Stop at a safe place and rest","D","Fatigue slows reactions as much as alcohol; only rest cures it.","Transport Dept, Govt of Telangana - LLR Question Bank: General Driving Principles (English)","Official","Maharashtra, Telangana, Andhra Pradesh"
"Q214","Safety","A properly adjusted head restraint will","Make you more comfortable","Help you avoid neck injury","Help you relax","Help you maintain your driving position","B","It limits whiplash movement of the head in a rear-end collision.","Transport Dept, Govt of Telangana - LLR Question Bank: General Driving Principles (English)","Official","Telangana, Andhra Pradesh"
"Q215","Safety","The most effective device for protecting occupants during an accident is","Seat belts","Safety door latches","Padded instrument panels","Tinted glass","A","Seat belts keep occupants in place and prevent ejection, the most lethal outcome in a crash.","Transport Dept, Govt of Telangana - LLR Question Bank: General Driving Principles (English)","Official","Telangana, Andhra Pradesh"
"Q216","Safety","You are carrying two 13-year-old children and their parents in your car. Who is responsible for ensuring the children wear seat belts?","The children's parents","You, the driver","The front seat passenger","The children","B","The driver bears legal responsibility for restraint of minors in the vehicle.","Transport Dept, Govt of Telangana - LLR Question Bank: General Driving Principles (English)","Official","Telangana, Andhra Pradesh"
"Q217","Safety","Mirrors are often slightly curved (convex) so that","They completely eliminate blind spots","They give a wider field of vision","They make it easier to judge the speed of following traffic","They make following traffic look larger","B","A convex mirror widens the view but makes vehicles look smaller and further away than they are.","Transport Dept, Govt of Telangana - LLR Question Bank: General Driving Principles (English)","Official","Telangana, Andhra Pradesh"
"Q218","Safety","The rear view mirror is used","To see your own face","To watch the traffic approaching from behind","To see the rear seat passengers","To check the load","B","Mirrors must be checked before every signal, manoeuvre and change of speed.","Transport Dept, Govt of NCT of Delhi - Question Bank for Learner Licence (qbankltest.pdf) + Transport Dept, Govt of Telangana - LLR Question Bank: General Driving Principles (English)","Frequently Asked","Delhi, Maharashtra, Telangana, Andhra Pradesh"
"Q219","Safety","What is the best way to avoid hitting other vehicles, people or animals when moving off from the kerb?","Get out, look around and drive off quickly","Sound your horn continuously","Check your mirrors and look over your shoulder before moving off","Move off slowly without looking","C","The over-the-shoulder check covers the blind spot that mirrors do not show.","Transport Dept, Govt of Telangana - LLR Question Bank: General Driving Principles (English)","Official","Maharashtra, Telangana, Andhra Pradesh"
"Q220","Safety","Objects hanging from your interior mirror may","Restrict your view and distract your attention","Improve your driving","Help your concentration","Have no effect","A","Anything swinging in the field of view masks pedestrians and cyclists.","Transport Dept, Govt of Telangana - LLR Question Bank: General Driving Principles (English)","Official","Telangana, Andhra Pradesh"
"Q221","Safety","Stickers and posters may not be placed on the windshield because","It is unlawful to advertise in this way","They obstruct the driver's vision","Other drivers cannot see you","They damage the glass","B","Any obstruction of the windscreen reduces the driver's field of view.","Transport Dept, Govt of Telangana - LLR Question Bank: General Driving Principles (English)","Official","Telangana, Andhra Pradesh"
"Q222","Safety","Which type of eye glasses should not be worn when driving at night?","Half-moon","Round","Bi-focal","Tinted","D","Tinted lenses cut the already low light available and delay recognition of hazards.","Transport Dept, Govt of Telangana - LLR Question Bank: General Driving Principles (English)","Official","Maharashtra, Telangana, Andhra Pradesh"
"Q223","Safety","Your overall stopping distance will be much longer when driving","In rain","In fog","At night","In strong winds","A","Wet tyres grip less, so braking distance increases sharply.","Transport Dept, Govt of Telangana - LLR Question Bank: General Driving Principles (English)","Official","Maharashtra, Telangana, Andhra Pradesh"
"Q224","Safety","Which of these will affect your stopping distance?","How fast you are going","The condition of your tyres","The weather","All of the above","D","Stopping distance is the sum of thinking distance and braking distance, and all three affect it.","Transport Dept, Govt of Telangana - LLR Question Bank: General Driving Principles (English)","Official","Telangana, Andhra Pradesh"
"Q225","Safety","The main reason your stopping distance increases after heavy rain is that","You cannot see large puddles","The brakes are cold because they are wet","Your tyres have less grip on the road","The windscreen blurs your view","C","Water between the tyre and road reduces friction and can cause aquaplaning.","Transport Dept, Govt of Telangana - LLR Question Bank: General Driving Principles (English)","Official","Telangana, Andhra Pradesh"
"Q226","Safety","You are driving in fog. Why should you keep well back from the vehicle in front?","In case it changes direction suddenly","In case its fog lights dazzle you","In case it stops suddenly","In case its brake lights dazzle you","C","In fog you cannot see far enough ahead to stop within the distance you can see.","Transport Dept, Govt of Telangana - LLR Question Bank: General Driving Principles (English)","Official","Maharashtra, Telangana, Andhra Pradesh"
"Q227","Safety","Fog lamps are used","During the night","When there is mist","When the opposite vehicle does not dim its lights","In heavy traffic","B","Fog lamps cut through mist at a low angle; used in clear conditions they dazzle others.","Transport Dept, Govt of NCT of Delhi - Question Bank for Learner Licence (qbankltest.pdf) + Transport Dept, Govt of Telangana - LLR Question Bank: General Driving Principles (English)","Frequently Asked","Delhi, Maharashtra, Telangana, Andhra Pradesh"
"Q228","Safety","What should you do when you are dazzled by the headlights of oncoming vehicles at night?","Slow down or stop if necessary, looking towards the left edge of the road","Switch to high beam in retaliation","Close your eyes briefly","Speed up to pass quickly","A","Looking away from the light source and slowing down preserves what vision remains.","Transport Dept, Govt of Telangana - LLR Question Bank: General Driving Principles (English)","Official","Telangana, Andhra Pradesh"
"Q230","Safety","The first thing that alcohol affects is","Vision","Speech","Hearing","Judgement","D","Judgement is impaired before the drinker feels any obvious effect, which is what makes it dangerous.","Transport Dept, Govt of Telangana - LLR Question Bank: General Driving Principles (English)","Official","Maharashtra, Telangana, Andhra Pradesh"
"Q231","Safety","How does alcohol affect your driving?","It speeds up your reactions","It reduces your concentration","It increases your awareness","It improves your co-ordination","B","Alcohol slows reactions, narrows attention and encourages risk-taking.","Transport Dept, Govt of Telangana - LLR Question Bank: General Driving Principles (English)","Official","Telangana, Andhra Pradesh"
"Q233","Safety","What advice should you give a driver who has had a few alcoholic drinks at a party?","Have a strong cup of coffee and then drive","Drive home slowly and carefully","Go home by public transport","Wait a short while and then drive","C","Only time removes alcohol from the blood; coffee and food do not.","Transport Dept, Govt of Telangana - LLR Question Bank: General Driving Principles (English)","Official","Maharashtra, Telangana, Andhra Pradesh"
"Q234","Safety","You are taking drugs that are likely to affect your driving. What should you do?","Seek medical advice before driving","Limit your driving to essential journeys","Drive only if accompanied","Drive only short distances","A","Many prescription medicines cause drowsiness; a doctor can advise whether it is safe to drive.","Transport Dept, Govt of Telangana - LLR Question Bank: General Driving Principles (English)","Official","Maharashtra, Telangana, Andhra Pradesh"
"Q235","Safety","What else, apart from alcohol, can seriously affect your concentration?","Drugs","Tiredness","Loud music","All of the above","D","Anything that competes for attention reduces your capacity to detect hazards.","Transport Dept, Govt of Telangana - LLR Question Bank: General Driving Principles (English)","Official","Maharashtra, Telangana, Andhra Pradesh"
"Q236","Safety","Before starting the engine of a vehicle you should check","The radiator coolant and engine oil levels","The head light only","The number plate","The radio","A","Basic daily checks cover coolant, oil, tyres, and leaks of fuel or oil.","Transport Dept, Govt of NCT of Delhi - Question Bank for Learner Licence (qbankltest.pdf) + Transport Dept, Govt of Telangana - LLR Question Bank: General Driving Principles (English)","Frequently Asked","Delhi, Maharashtra, Telangana, Andhra Pradesh"
"Q237","Safety","Which of these must be in good working order for your vehicle to be roadworthy?","Speedometer","Horn","Windscreen wiper","All of the above","D","All are legally required equipment and each has a direct bearing on safety.","Transport Dept, Govt of Telangana - LLR Question Bank: General Driving Principles (English)","Official","Telangana, Andhra Pradesh"
"Q238","Safety","While driving, a warning light on the instrument panel comes on. You should","Continue if the engine sounds all right","Hope it is a temporary fault","Deal with it when there is more time","Check the problem quickly and safely","D","Warning lamps indicate faults in braking, oil pressure or charging that can be dangerous.","Transport Dept, Govt of Telangana - LLR Question Bank: General Driving Principles (English)","Official","Telangana, Andhra Pradesh"
"Q240","Safety","Which of the following should not be kept in your vehicle?","A first aid kit","A road atlas","Inflammable material","A tool kit","C","Carrying inflammable material greatly increases the risk of fire after a collision.","Transport Dept, Govt of Telangana - LLR Question Bank: General Driving Principles (English)","Official","Maharashtra, Telangana, Andhra Pradesh"
"Q241","Safety","What is meant by clutch riding?","Keeping your foot resting on the clutch while driving","Not using the clutch while changing gear","Keeping your foot off the clutch","Slipping the clutch on a hill","A","Riding the clutch reduces control and causes premature clutch failure.","Transport Dept, Govt of Telangana - LLR Question Bank: General Driving Principles (English)","Official","Maharashtra, Telangana, Andhra Pradesh"
"Q242","Safety","You are driving down a steep hill. To control the speed of your vehicle you must","Select a low gear and use the brakes carefully","Select a high gear and use the brakes carefully","Select a high gear and avoid the brakes","Keep the gear in neutral and brake firmly","A","Engine braking in a low gear prevents the brakes overheating and fading.","Transport Dept, Govt of Telangana - LLR Question Bank: Rules of Road Regulations (English)","Official","Maharashtra, Telangana, Andhra Pradesh"
"Q243","Safety","Why is it dangerous to keep the clutch depressed or select neutral for too long while driving downhill?","Fuel consumption will be higher","Your vehicle will pick up speed and you will lose engine braking","It will damage the engine","It will wear the tyres","B","Coasting removes engine braking and leaves the brakes to do all the work.","Transport Dept, Govt of Telangana - LLR Question Bank: General Driving Principles (English)","Official","Telangana, Andhra Pradesh"
"Q244","Safety","There is vibration in your steering wheel as you drive. The probable cause is","Low engine oil level","Low coolant level","Unbalanced wheels","A flat battery","C","Wheel imbalance produces steering wobble and accelerates tyre wear.","Transport Dept, Govt of Telangana - LLR Question Bank: General Driving Principles (English)","Official","Telangana, Andhra Pradesh"
"Q245","Safety","When your vehicle is loaded, you must make sure that the load will","Remain secure","Be easy to unload","Not be damaged","Be visible","A","An unsecured load can shift, destabilise the vehicle or fall onto the road.","Transport Dept, Govt of Telangana - LLR Question Bank: General Driving Principles (English)","Official","Telangana, Andhra Pradesh"
"Q246","Safety","Who is responsible for ensuring that a vehicle is not overloaded?","The passengers","The mechanic","The driver of the vehicle","The loader","C","The driver is answerable for the condition and loading of the vehicle he is in charge of.","Transport Dept, Govt of Telangana - LLR Question Bank: General Driving Principles (English)","Official","Telangana, Andhra Pradesh"
"Q247","Safety","Do you have any responsibility when opening a vehicle door on a roadway?","No, following traffic must stop","No, there is no rule covering this","The driver may open the door whenever he wishes","Yes, you must not open a door if it is likely to endanger road users or impede traffic","D","Carelessly opened doors are a frequent cause of injury to cyclists and two-wheeler riders.","Transport Dept, Govt of Telangana - LLR Question Bank: General Driving Principles (English)","Official","Telangana, Andhra Pradesh"
"Q248","Safety","Turbulence created by large vehicles travelling at speed is most likely to endanger","Cyclists","Pedestrians","Motorcyclists","All of the above","D","The blast of air can push a two-wheeler or pedestrian off course.","Transport Dept, Govt of Telangana - LLR Question Bank: General Driving Principles (English)","Official","Telangana, Andhra Pradesh"
"Q249","Safety","Why is passing a lorry more risky than passing a car?","Lorries are longer than cars","Lorries may suddenly pull up","Lorries have poorer brakes","Lorries climb hills slowly","A","You spend far longer alongside, on the wrong side of the road, and your view ahead is blocked.","Transport Dept, Govt of Telangana - LLR Question Bank: General Driving Principles (English)","Official","Telangana, Andhra Pradesh"
"Q250","Safety","You are driving in heavy rain and your steering suddenly becomes very light. You should","Steer towards the side of the road","Accelerate gently","Brake firmly","Ease off the accelerator","D","Light steering indicates aquaplaning; easing off lets the tyres regain contact with the road.","Transport Dept, Govt of Telangana - LLR Question Bank: General Driving Principles (English)","Official","Telangana, Andhra Pradesh"
"Q251","Safety","While braking in rainy and wet conditions, you should","Apply full force","Apply the brakes gently and progressively","Try to lock the wheels","Brake and steer together","B","Harsh braking on a wet surface locks the wheels and causes a skid.","Transport Dept, Govt of Telangana - LLR Question Bank: Rules of Road Regulations (English)","Official","Telangana, Andhra Pradesh"
"Q252","Safety","You drive up to a corner where you see loose gravel on the road. You should","Check the mirrors and change lanes","Speed up and cross the gravel quickly","Slow down","Brake hard on the gravel","C","Loose chippings sharply reduce grip, especially while cornering.","Transport Dept, Govt of Telangana - LLR Question Bank: Rules of Road Regulations (English)","Official","Telangana, Andhra Pradesh"
"Q254","Safety","You enter a road where there are road humps. You should","Maintain a reduced speed throughout","Accelerate between each one","Keep to the maximum legal speed","Slow down only at school times","A","Speeding between humps defeats their purpose and damages the vehicle.","Transport Dept, Govt of Telangana - LLR Question Bank: Rules of Road Regulations (English)","Official","Telangana, Andhra Pradesh"
"Q255","Safety","You are driving past a line of parked cars and notice a ball bouncing into the road ahead. You should","Continue at the same speed and sound the horn","Continue at the same speed and flash your headlights","Slow down and be prepared to stop for children","Swerve around the ball","C","A child is very likely to run out after the ball from between the parked vehicles.","Transport Dept, Govt of Telangana - LLR Question Bank: Rules of Road Regulations (English)","Official","Maharashtra, Telangana, Andhra Pradesh"
"Q256","Safety","Which of the following may cause a loss of concentration while driving?","Loud music","Arguing with a passenger","Using a mobile phone","All of the above","D","Each competes for the attention needed to detect and respond to hazards.","Transport Dept, Govt of Telangana - LLR Question Bank: General Driving Principles (English)","Official","Maharashtra, Telangana, Andhra Pradesh"
"Q257","Safety","Noise pollution may result in","Disturbance of mental equilibrium","Disturbance of the driver's concentration","Loss of hearing capacity","All of the above","D","Excessive horn use and defective silencers cause measurable harm to health.","Transport Dept, Govt of Telangana - LLR Question Bank: General Driving Principles (English)","Official","Telangana, Andhra Pradesh"
"Q258","Safety","The causes of automobile pollution include","Poor maintenance","Overloading of vehicles","Frequent traffic jams","All of the above","D","A badly maintained or overloaded engine burns fuel inefficiently and emits more pollutants.","Transport Dept, Govt of Telangana - LLR Question Bank: General Driving Principles (English)","Official","Telangana, Andhra Pradesh"
"Q259","Safety","A properly serviced vehicle will give","Lower insurance premiums","A refund on road tax","Better fuel economy and cleaner exhaust emissions","A longer licence validity","C","Regular servicing reduces both running costs and emissions.","Transport Dept, Govt of Telangana - LLR Question Bank: General Driving Principles (English)","Official","Telangana, Andhra Pradesh"
"Q260","Emergency Situations","Your vehicle has broken down on a highway. What is the first thing you should do?","Warn other traffic","Stop following traffic and ask for help","Try to repair the vehicle quickly","Push the vehicle off the road alone","A","Warning approaching traffic prevents a secondary collision, which is often worse than the breakdown.","Transport Dept, Govt of Telangana - LLR Question Bank: General Driving Principles (English)","Official","Maharashtra, Telangana, Andhra Pradesh"
"Q261","Emergency Situations","You smell or see fire in your vehicle. You should","Pull to the side, switch off the engine and all electrical switches, and smother burning wires with sand or heavy cloth","Pull over, switch off and pour water on the burning wires","Do nothing but call the fire brigade","Continue driving to the nearest fire station","A","Water on an electrical or fuel fire spreads it; smothering starves the fire of oxygen.","Transport Dept, Govt of Telangana - LLR Question Bank: General Driving Principles (English)","Official","Telangana, Andhra Pradesh"
"Q262","Emergency Situations","When an ambulance approaches, the driver","Should allow passage only if there are no vehicles in front","Need give no preference","Must allow free passage by drawing to the side of the road","Should follow it closely","C","Regulation 10 requires free passage for ambulances and fire service vehicles.","Transport Dept, Govt of NCT of Delhi - Question Bank for Learner Licence (qbankltest.pdf) + Transport Dept, Govt of Telangana - LLR Question Bank: General Driving Principles (English)","Frequently Asked","Delhi, Maharashtra, Telangana, Andhra Pradesh"
"Q263","Emergency Situations","You are being followed by an ambulance showing a flashing light. You should","Stop safely and as soon as possible to let it pass","Accelerate hard to get away from it","Maintain your speed and course","Brake harshly and stop in the road","A","Pull over to the left safely; stopping abruptly in the carriageway obstructs it further.","Transport Dept, Govt of Telangana - LLR Question Bank: Rules of Road Regulations (English)","Official","Telangana, Andhra Pradesh"
"Q264","Emergency Situations","You are about to turn right on a green signal when you hear a siren and see a fire brigade about to overtake. You should","Continue to turn since you have right of way","Stop and let the fire brigade pass","Speed up and beat the fire brigade","Sound the horn","B","Emergency vehicles take priority over your right of way.","Transport Dept, Govt of Telangana - LLR Question Bank: Rules of Road Regulations (English)","Official","Telangana, Andhra Pradesh"
"Q265","Emergency Situations","When may you stop on a motorway or expressway?","If the traffic signal is red","When told to do so by the police","In an emergency or a breakdown","Both B and C","D","Stopping is otherwise prohibited on an access-controlled highway.","Transport Dept, Govt of Telangana - LLR Question Bank: Rules of Road Regulations (English)","Official","Telangana, Andhra Pradesh"
"Q266","Emergency Situations","You have to slow down quickly on an expressway because of a hazard. You should","Sound your horn","Switch on your hazard warning lights","Switch on your fog lights","Switch on full beam","B","Hazard lights warn following traffic of the sudden reduction in speed.","Transport Dept, Govt of Telangana - LLR Question Bank: Rules of Road Regulations (English)","Official","Telangana, Andhra Pradesh"
"Q270","Emergency Situations","If your vehicle hits a pedestrian, you should","Identify yourself and leave","Help the person and call an ambulance only","Help the injured person, identify yourself and then report to the police","Wait for the police to arrive before helping","C","All three duties apply: assistance, identification and reporting.","Transport Dept, Govt of Telangana - LLR Question Bank: General Driving Principles (English)","Official","Telangana, Andhra Pradesh"
"Q271","Emergency Situations","Your car is involved in an accident in which people are hurt. You should","Report to the nearest police station and take the injured to hospital","Not report to the police","Take them to hospital but not report","Leave the scene","A","The driver must both arrange medical help and report the accident.","Transport Dept, Govt of Telangana - LLR Question Bank: General Driving Principles (English)","Official","Telangana, Andhra Pradesh"
"Q272","Emergency Situations","A vehicle may be seized by an authorised officer if","The vehicle is not covered by a valid registration or permit","The vehicle exceeds the speed limit","The driver has no change for the toll","The tyres are worn","A","Driving without valid registration or permit is a ground for detention of the vehicle.","Transport Dept, Govt of NCT of Delhi - Question Bank for Learner Licence (qbankltest.pdf) + Transport Dept, Govt of Telangana - LLR Question Bank: General Driving Principles (English)","Frequently Asked","Delhi, Maharashtra, Telangana, Andhra Pradesh"
"Q273","First Aid","The aim of first aid is","To save life","To promote recovery","To prevent the victim's condition from worsening","All of the above","D","First aid buys time until professional medical help arrives.","Transport Dept, Govt of Telangana - LLR Question Bank: General Driving Principles (English)","Official","Telangana, Andhra Pradesh"
"Q274","First Aid","What number would you dial for ambulance assistance in a medical emergency?","102","103","108","105","C","108 is the emergency ambulance number used across most Indian states.","Transport Dept, Govt of Telangana - LLR Question Bank: General Driving Principles (English)","Official","Telangana, Andhra Pradesh"
"Q275","First Aid","You arrive first at the scene of an accident. What is the first thing you should do?","Call the police","Warn other traffic","Call the ambulance","Move the injured","B","Securing the scene prevents further collisions and protects both victims and rescuers.","Transport Dept, Govt of Telangana - LLR Question Bank: General Driving Principles (English)","Official","Maharashtra, Telangana, Andhra Pradesh"
"Q276","First Aid","An accident has just happened and an injured person is lying on a busy road. What should you do first?","Treat the person for shock","Warn other traffic","Place him in the recovery position","Give him water","B","Until oncoming traffic is warned, anyone who approaches the casualty is in danger.","Transport Dept, Govt of Telangana - LLR Question Bank: General Driving Principles (English)","Official","Maharashtra, Telangana, Andhra Pradesh"
"Q277","First Aid","You are the first to arrive at the scene of an accident. Which of these should you do?","Switch off the vehicle engines","Move uninjured people away from the vehicles","Call the emergency services","All of the above","D","Switching off engines reduces fire risk, and clearing bystanders keeps the scene safe.","Transport Dept, Govt of Telangana - LLR Question Bank: General Driving Principles (English)","Official","Telangana, Andhra Pradesh"
"Q278","First Aid","You have stopped at the scene of an accident to give help. Which of these should you do?","Keep injured people warm and comfortable","Keep them calm by talking to them reassuringly","Make sure they are not left alone","All of the above","D","Reassurance and warmth help counter shock while medical help is on the way.","Transport Dept, Govt of Telangana - LLR Question Bank: General Driving Principles (English)","Official","Telangana, Andhra Pradesh"
"Q279","First Aid","You arrive at an accident where someone is suffering from severe burns. Which of the following would help?","Douse the burns with cold water","Remove anything stuck to the burns","Burst any blisters that form","Apply ointment to the burns","A","Cooling with clean cold water limits tissue damage; nothing else should be applied.","Transport Dept, Govt of Telangana - LLR Question Bank: General Driving Principles (English)","Official","Telangana, Andhra Pradesh"
"Q280","First Aid","You arrive at the scene of a motor cycle accident. The rider is unconscious and lying in the middle of the road. The first thing you should do is","Move the rider out of the road","Warn other traffic","Clear the road of debris","Remove the rider's helmet","B","An unconscious casualty should not be moved unnecessarily; warning traffic comes first.","Transport Dept, Govt of Telangana - LLR Question Bank: General Driving Principles (English)","Official","Telangana, Andhra Pradesh"
"Q281","First Aid","Which of the following is a basic step to take after an accident?","Protect the area","Inform the authorities","Care for the injured","All of the above","D","Protect, inform, care - the standard sequence taught in road accident first aid.","Transport Dept, Govt of Telangana - LLR Question Bank: General Driving Principles (English)","Official","Maharashtra, Telangana, Andhra Pradesh"
"Q282","Vehicle Documents","Which documents must always be carried while driving?","Driving licence only","Driving licence and insurance certificate","Driving licence, certificate of insurance, registration certificate and pollution under control certificate","No documents need be carried","C","These four are the documents an enforcement officer may require you to produce.","Transport Dept, Govt of Telangana - LLR Question Bank: General Driving Principles (English) + Transport Dept, Govt of NCT of Delhi - Question Bank for Learner Licence (qbankltest.pdf)","Frequently Asked","Delhi, Maharashtra, Telangana, Andhra Pradesh"
"Q283","Vehicle Documents","Which of the following documents need NOT be carried while driving?","Driving licence","Registration certificate","Insurance certificate","Purchase invoice","D","The invoice is a commercial document with no role in enforcement.","Transport Dept, Govt of Telangana - LLR Question Bank: General Driving Principles (English)","Official","Telangana, Andhra Pradesh"
"Q285","Vehicle Documents","The validity of a learner's licence is","Until the driving licence is obtained","6 months (180 days)","30 days","One year","B","A learner's licence is valid for six months from the date of issue.","Transport Dept, Govt of NCT of Delhi - Question Bank for Learner Licence (qbankltest.pdf) + Transport Dept, Govt of Telangana - LLR Question Bank: General Driving Principles (English)","Frequently Asked","Delhi, Maharashtra, Telangana, Andhra Pradesh"
"Q286","Vehicle Documents","PUCC stands for","Primary Unlicensed Car and Carrier","Pollution Under Control Certificate","Pollution Uncontrolled Cancellation Certificate","Public Utility Compliance Certificate","B","It certifies that the vehicle's emissions are within the prescribed limits.","Transport Dept, Govt of Telangana - LLR Question Bank: General Driving Principles (English)","Official","Maharashtra, Telangana, Andhra Pradesh"
"Q288","Vehicle Documents","All motor vehicles must be covered by","Life insurance","Third party insurance","Comprehensive insurance","Fire insurance","B","Third party cover is the statutory minimum under Section 146 of the Act.","Transport Dept, Govt of NCT of Delhi - Question Bank for Learner Licence (qbankltest.pdf) + Transport Dept, Govt of Telangana - LLR Question Bank: General Driving Principles (English)","Frequently Asked","Delhi, Maharashtra, Telangana, Andhra Pradesh"
"Q289","Vehicle Documents","What does third party insurance cover?","Injury to another person","Damage to someone's property","Damage to other vehicles","All of the above","D","It covers loss caused to others, not damage to your own vehicle.","Transport Dept, Govt of Telangana - LLR Question Bank: General Driving Principles (English)","Official","Telangana, Andhra Pradesh"
"Q290","Vehicle Documents","A cover note is a document issued in respect of","Your driving licence","The registration document","The insurance certificate","The PUC certificate","C","A cover note is temporary evidence of insurance until the policy is issued.","Transport Dept, Govt of Telangana - LLR Question Bank: General Driving Principles (English)","Official","Telangana, Andhra Pradesh"
"Q291","Vehicle Documents","If you meet with an accident while driving without a valid driving licence, the insurance company will","Compensate partly","Compensate fully","Not compensate for damages","Compensate after a penalty","C","Driving without a valid licence breaches the policy conditions.","Transport Dept, Govt of Telangana - LLR Question Bank: General Driving Principles (English)","Official","Maharashtra, Telangana, Andhra Pradesh"
"Q292","Vehicle Documents","A driving licence issued in any state of India","Is valid throughout India","Is valid throughout the world","Is valid only in that state","Is valid for one year outside the state","A","A licence issued by any licensing authority is effective across the country.","Transport Dept, Govt of Telangana - LLR Question Bank: General Driving Principles (English)","Official","Telangana, Andhra Pradesh"
"Q293","Vehicle Documents","A person may hold","Up to 3 licences at a time","Only one driving licence","Any number of licences","One licence per vehicle owned","B","Holding more than one driving licence is prohibited; additional classes are endorsed on the same licence.","Transport Dept, Govt of Telangana - LLR Question Bank: General Driving Principles (English)","Official","Telangana, Andhra Pradesh"
"Q294","Vehicle Documents","When may a driver lend his driving licence to another person?","For driving lessons","At no time","For identification only","If the person is well known to him","B","A driving licence is personal and non-transferable.","Transport Dept, Govt of Telangana - LLR Question Bank: General Driving Principles (English)","Official","Telangana, Andhra Pradesh"
"Q295","Vehicle Documents","After buying a second hand vehicle, the change of ownership should be reported to the licensing authority within","14 days","28 days","3 months","Only when you insure it","A","Prompt intimation transfers liability for the vehicle to the new owner.","Transport Dept, Govt of Telangana - LLR Question Bank: General Driving Principles (English)","Official","Telangana, Andhra Pradesh"
"Q296","Vehicle Documents","If the validity of a driving licence has expired, it may be renewed without penalty within","10 days","20 days","30 days","60 days","C","Beyond the grace period, a late fee and in some cases a fresh test apply.","Transport Dept, Govt of Telangana - LLR Question Bank: General Driving Principles (English)","Official","Maharashtra, Telangana, Andhra Pradesh"
"Q297","Vehicle Documents","The colour scheme for number plates of private vehicles is","Black base with white numerals","Yellow base with white numerals","White base with black numerals","Yellow base with black numerals","C","Transport vehicles carry black numerals on a yellow base.","Transport Dept, Govt of Telangana - LLR Question Bank: General Driving Principles (English)","Official","Maharashtra, Telangana, Andhra Pradesh"
"Q299","Vehicle Documents","Is it an offence to obstruct the clear view of your number plates?","It depends on the type of obstruction","Yes, at any time","No, you may cover them if you wish","Only if the vehicle is a transport vehicle","B","Regulation 16 requires registration marks to remain clear and legible at all times.","Transport Dept, Govt of Telangana - LLR Question Bank: General Driving Principles (English) + Rules of the Road Regulations, 1989 (S.O. 439(E)); copy hosted by Maharashtra Transport Dept","Official","Telangana, Andhra Pradesh"
"Q302","Vehicle Documents","The minimum age for obtaining a licence to drive a motor car is","20 years","15 years","16 years","18 years","D","Non-transport vehicles require the applicant to have completed 18 years.","Transport Dept, Govt of Telangana - LLR Question Bank: General Driving Principles (English)","Official","Maharashtra, Telangana, Andhra Pradesh"
"Q304","Vehicle Documents","If you hold a valid driving licence for a light motor vehicle, you are allowed to drive","A motor car only","A motor car and a motor cycle above 50 cc","Every motor vehicle","Any vehicle up to 7500 kg including transport vehicles","A","Each class of vehicle must be separately endorsed on the licence.","Transport Dept, Govt of Telangana - LLR Question Bank: General Driving Principles (English)","Official","Telangana, Andhra Pradesh"
"Q305","Vehicle Documents","Who is authorised to ask you to produce your documents while you are driving?","Officers of the police department in uniform","Officers of the transport department in uniform","Any other officer authorised by government","All of these","D","Section 130 requires production of documents on demand by any authorised officer.","Transport Dept, Govt of Telangana - LLR Question Bank: General Driving Principles (English) + Motor Vehicles Act, 1988 as amended by MV (Amendment) Act, 2019","Official","Telangana, Andhra Pradesh"
"Q307","Vehicle Documents","Using an unregistered vehicle in a public place is","Illegal","Legal","Legal if there is urgency","Legal for 30 days after purchase","A","Section 39 prohibits driving an unregistered vehicle in any public place.","Transport Dept, Govt of NCT of Delhi - Question Bank for Learner Licence (qbankltest.pdf) + Transport Dept, Govt of Telangana - LLR Question Bank: General Driving Principles (English)","Frequently Asked","Delhi, Maharashtra, Telangana, Andhra Pradesh"
"Q308","Vehicle Documents","To drive on the road, a learner must","Have only the registration certificate of the vehicle","Have taken professional instruction","Hold a valid learner's licence","Apply for a driving test within 12 months","C","A valid learner's licence and a qualified accompanying driver are both required.","Transport Dept, Govt of Telangana - LLR Question Bank: General Driving Principles (English)","Official","Telangana, Andhra Pradesh"
"Q309","Vehicle Documents","You hold a valid learner's licence to drive a car. You are allowed to","Drive only in daytime","Practise only on quiet roads","Drive at any time and place","Drive at any time and place provided a permanent licence holder who can control the vehicle is with you","D","An L board must be displayed and the accompanying driver must be able to take control.","Transport Dept, Govt of Telangana - LLR Question Bank: General Driving Principles (English)","Official","Maharashtra, Telangana, Andhra Pradesh"
"Q310","Fines & Penalties","Under the Motor Vehicles (Amendment) Act, 2019, the penalty for drunken driving on a first offence is","Rs 2,000","Imprisonment up to 6 months and/or a fine of Rs 10,000","Rs 500","Rs 25,000","B","The fine was raised from Rs 2,000 to Rs 10,000 with effect from 1 September 2019; older state banks still show the pre-2019 figure.","Motor Vehicles Act, 1988 as amended by MV (Amendment) Act, 2019","Government-derived","All India (statutory - applies in every state)"
"Q311","Fines & Penalties","Under the 2019 amendments, riding a two wheeler without a helmet attracts","Rs 100","Rs 1,000 and disqualification of the licence for three months","Rs 5,000","A warning only","B","The penalty combines a fine with a three-month suspension of the driving licence.","Motor Vehicles Act, 1988 as amended by MV (Amendment) Act, 2019","Government-derived","All India (statutory - applies in every state)"
"Q312","Fines & Penalties","Under the 2019 amendments, not wearing a seat belt attracts a fine of","Rs 100","Rs 500","Rs 1,000","Rs 2,000","C","The earlier fine of Rs 100 was raised tenfold.","Motor Vehicles Act, 1988 as amended by MV (Amendment) Act, 2019","Government-derived","All India (statutory - applies in every state)"
"Q313","Fines & Penalties","Under the 2019 amendments, driving without a licence attracts a fine of up to","Rs 500","Rs 1,000","Rs 5,000","Rs 10,000","C","Section 181 now provides for a fine of Rs 5,000.","Motor Vehicles Act, 1988 as amended by MV (Amendment) Act, 2019","Government-derived","All India (statutory - applies in every state)"
"Q314","Fines & Penalties","Under the 2019 amendments, driving without insurance attracts a fine of","Rs 1,000","Rs 2,000","Rs 5,000","Rs 10,000","B","Section 196 provides for Rs 2,000 and possible imprisonment on a first offence.","Motor Vehicles Act, 1988 as amended by MV (Amendment) Act, 2019","Government-derived","All India (statutory - applies in every state)"
"Q315","Fines & Penalties","Under the 2019 amendments, failing to give way to an emergency vehicle attracts a fine of","Rs 1,000","Rs 2,000","Rs 5,000","Rs 10,000","D","Section 194E was introduced specifically to protect ambulances and fire services.","Motor Vehicles Act, 1988 as amended by MV (Amendment) Act, 2019","Government-derived","All India (statutory - applies in every state)"
"Q316","Fines & Penalties","Under the 2019 amendments, overloading a goods vehicle attracts","Rs 2,000 and Rs 1,000 per extra tonne","Rs 20,000 and Rs 2,000 per extra tonne","Rs 5,000 flat","A warning","B","Section 194 penalties were raised tenfold to deter chronic overloading.","Motor Vehicles Act, 1988 as amended by MV (Amendment) Act, 2019","Government-derived","All India (statutory - applies in every state)"
"Q317","Fines & Penalties","Under the 2019 amendments, carrying more than the permitted number of persons on a two wheeler attracts","Rs 100","Rs 2,000 and disqualification of the licence for three months","Rs 500","Rs 10,000","B","Section 194C combines a fine with a three-month disqualification.","Motor Vehicles Act, 1988 as amended by MV (Amendment) Act, 2019","Government-derived","All India (statutory - applies in every state)"
"Q318","Fines & Penalties","Under the 2019 amendments, where a road offence is committed by a juvenile","No one is liable","The guardian or owner is deemed guilty and is liable to a fine of Rs 25,000 with imprisonment up to 3 years","Only the juvenile is fined","The vehicle is confiscated permanently","B","Section 199A also provides for cancellation of the vehicle's registration.","Motor Vehicles Act, 1988 as amended by MV (Amendment) Act, 2019","Government-derived","All India (statutory - applies in every state)"
"Q319","Fines & Penalties","Under the 2019 amendments, the general penalty for an offence with no specific penalty prescribed is","Rs 100","Rs 500","Rs 1,000","Rs 2,000","B","Section 177 was raised from Rs 100 to Rs 500.","Motor Vehicles Act, 1988 as amended by MV (Amendment) Act, 2019","Government-derived","All India (statutory - applies in every state)"
"Q320","Fines & Penalties","Under the 2019 amendments, over-speeding by a light motor vehicle attracts a fine of","Rs 400","Rs 1,000 to Rs 2,000","Rs 5,000","Rs 10,000","B","Higher slabs apply to medium and heavy passenger and goods vehicles.","Motor Vehicles Act, 1988 as amended by MV (Amendment) Act, 2019","Government-derived","All India (statutory - applies in every state)"
"Q326","Motor Vehicles Act","No person may drive a motor vehicle in a public place unless he","Owns the vehicle","Holds an effective driving licence authorising him to drive that class of vehicle","Is over 21 years of age","Has completed a training course","B","This is the basic requirement of Section 3 of the Act.","Motor Vehicles Act, 1988 as amended by MV (Amendment) Act, 2019","Government-derived","All India (statutory - applies in every state)"
"Q327","Motor Vehicles Act","Lending a motor vehicle for driving to a person who does not hold a valid licence is","Not an offence, since the borrower alone is responsible","A serious offence","An offence only if there is an accident","Permitted in an emergency","B","The owner who permits an unlicensed person to drive commits an offence under Section 180.","Transport Dept, Govt of Telangana - LLR Question Bank: General Driving Principles (English) + Transport Dept, Govt of Telangana - LLR Question Bank: Rules of Road Regulations (English)","Frequently Asked","Telangana, Andhra Pradesh"
"Q328","Motor Vehicles Act","A person whose driving licence has been suspended or cancelled","May drive when a valid licence holder accompanies him","May drive in an emergency","May not drive under any circumstances","May drive on private roads","C","Driving while disqualified is a distinct and seriously punishable offence.","Transport Dept, Govt of Telangana - LLR Question Bank: General Driving Principles (English)","Official","Maharashtra, Telangana, Andhra Pradesh"
"Q329","Motor Vehicles Act","Driving a vehicle whose pollution values exceed the limits prescribed by law is","Permitted in an emergency","An offence","Liable only to a warning","Permitted if a PUC test is booked","B","Section 190(2) makes it an offence to drive a vehicle exceeding emission standards.","Transport Dept, Govt of Telangana - LLR Question Bank: General Driving Principles (English) + Motor Vehicles Act, 1988 as amended by MV (Amendment) Act, 2019","Official","Telangana, Andhra Pradesh"
"Q330","Motor Vehicles Act","Fitting a multi-toned horn to a motor vehicle is","Permitted in an emergency","An offence under the law because it causes noise pollution","Liable only to a warning","Permitted on transport vehicles","B","Regulation 21 and the Central Motor Vehicles Rules prohibit harsh and multi-toned horns.","Transport Dept, Govt of Telangana - LLR Question Bank: General Driving Principles (English)","Official","Telangana, Andhra Pradesh"
"Q331","Motor Vehicles Act","Under what circumstances can your vehicle be impounded?","When driving a vehicle without registration","When flashing headlights unnecessarily","When the registration numerals are the wrong size","When the number plate background is the wrong colour","A","Driving without valid registration is a ground for detention of the vehicle.","Transport Dept, Govt of Telangana - LLR Question Bank: General Driving Principles (English)","Official","Telangana, Andhra Pradesh"
"Q332","Motor Vehicles Act","The Rules of the Road Regulations, 1989 were made under which section of the Motor Vehicles Act, 1988?","Section 112","Section 118","Section 129","Section 134","B","Section 118 empowers the central government to make regulations for the driving of motor vehicles.","Rules of the Road Regulations, 1989 (S.O. 439(E)); copy hosted by Maharashtra Transport Dept","Government-derived","All India (statutory - applies in every state)"
"Q333","Motor Vehicles Act","Which section of the Motor Vehicles Act, 1988 imposes the duty of the driver in the case of an accident?","Section 112","Section 129","Section 134","Section 185","C","Section 134 requires the driver to secure medical attention for the injured and to report the accident.","Motor Vehicles Act, 1988 as amended by MV (Amendment) Act, 2019","Government-derived","All India (statutory - applies in every state)"
"Q334","Motor Vehicles Act","Third party insurance is compulsory under which section of the Motor Vehicles Act, 1988?","Section 3","Section 39","Section 130","Section 146","D","Section 146 prohibits the use of a vehicle in a public place without a third party policy.","Motor Vehicles Act, 1988 as amended by MV (Amendment) Act, 2019","Government-derived","All India (statutory - applies in every state)"
"Q335","Motor Vehicles Act","Driving under the influence of drink is dealt with by which section of the Motor Vehicles Act, 1988?","Section 112","Section 177","Section 184","Section 185","D","Section 185 applies where blood alcohol exceeds 30 mg per 100 ml of blood.","Motor Vehicles Act, 1988 as amended by MV (Amendment) Act, 2019","Government-derived","All India (statutory - applies in every state)"
"Q336","Motor Vehicles Act","Which of the following statements about pedestrians is correct?","Pedestrians have no special rights on the road","You must give way to pedestrians only on zebra crossings","Pedestrians have right of way at uncontrolled pedestrian crossings","Pedestrians must always give way to vehicles","C","Regulation 11 confers right of way on pedestrians at uncontrolled crossings.","Transport Dept, Govt of Telangana - LLR Question Bank: General Driving Principles (English) + Rules of the Road Regulations, 1989 (S.O. 439(E)); copy hosted by Maharashtra Transport Dept","Frequently Asked","Telangana, Andhra Pradesh"
"Q337","Motor Vehicles Act","While driving without a valid driving licence, when can you face penal action?","Only if you have met with an accident","Whenever a checking officer inspects your vehicle","You will not face penal action","Only on a national highway","B","The offence is complete the moment you drive without a licence, whether or not there is an accident.","Transport Dept, Govt of Telangana - LLR Question Bank: General Driving Principles (English)","Official","Telangana, Andhra Pradesh"
